--
-- File generated with SQLiteStudio v3.2.1 on Do. Dez. 26 08:06:47 2019
--
-- Text encoding used: UTF-8
--
PRAGMA foreign_keys = off;
BEGIN TRANSACTION;

-- Table: configAnalyzeSteps
CREATE TABLE configAnalyzeSteps (id INTEGER PRIMARY KEY, isActive BOOLEAN DEFAULT (1) NOT NULL, analyze_step INTEGER NOT NULL, number_of_runs INTEGER DEFAULT (1), max_throttle INTEGER, run_in_seconds INTEGER DEFAULT (5) NOT NULL, info TEXT (64) NOT NULL, router_id INTEGER REFERENCES configRouterFiles (id) NOT NULL, view_id INTEGER REFERENCES configViewFiles (id) NOT NULL, description TEXT (1024));
INSERT INTO configAnalyzeSteps (id, isActive, analyze_step, number_of_runs, max_throttle, run_in_seconds, info, router_id, view_id, description) VALUES (1, 1, 1, 1, 0, 0, 'Measure weight of your copter', 8, 8, 'Put your copter on top of the sensors and reset sensors to zero. System measure 10 times and build the average');
INSERT INTO configAnalyzeSteps (id, isActive, analyze_step, number_of_runs, max_throttle, run_in_seconds, info, router_id, view_id, description) VALUES (2, 1, 2, 3, 25, 5, 'Slow throttle up to max_throttle', 7, 7, 'Increase throttle in a time period of x seconds to max_throttle');
INSERT INTO configAnalyzeSteps (id, isActive, analyze_step, number_of_runs, max_throttle, run_in_seconds, info, router_id, view_id, description) VALUES (3, 1, 6, 3, 50, 3, 'Fast punch throttle to 50%', 6, 6, 'Fast throttle to 50%, 3 times, each period takes x seconds');
INSERT INTO configAnalyzeSteps (id, isActive, analyze_step, number_of_runs, max_throttle, run_in_seconds, info, router_id, view_id, description) VALUES (4, 1, 7, 3, 100, 3, 'Fast punch throttle to 100%', 5, 5, 'Fast throttle to 100%, 3 times, each perio takes x seconds');
INSERT INTO configAnalyzeSteps (id, isActive, analyze_step, number_of_runs, max_throttle, run_in_seconds, info, router_id, view_id, description) VALUES (5, 1, 3, 3, 50, 5, 'Slow throttle up to max_throttle', 7, 7, 'Increase throttle in a time period of x seconds to max_throttle');
INSERT INTO configAnalyzeSteps (id, isActive, analyze_step, number_of_runs, max_throttle, run_in_seconds, info, router_id, view_id, description) VALUES (6, 1, 4, 3, 75, 5, 'Slow throttle up to max_throttle', 7, 7, 'Increase throttle in a time period of x seconds to max_throttle');
INSERT INTO configAnalyzeSteps (id, isActive, analyze_step, number_of_runs, max_throttle, run_in_seconds, info, router_id, view_id, description) VALUES (7, 1, 5, 3, 100, 5, 'Slow throttle up to max_throttle', 7, 7, 'Increase throttle in a time period of x seconds to max_throttle');

-- Table: configHX711Sensors
CREATE TABLE configHX711Sensors (id INTEGER PRIMARY KEY, sensorID INTEGER UNIQUE, name TEXT, wiringPi_clk INTEGER NOT NULL, wiringPi_data INTEGER, GPIO_clk INTEGER NOT NULL, GPIO_data INTEGER, scaling DECIMAL, "offset" DECIMAL);
INSERT INTO configHX711Sensors (id, sensorID, name, wiringPi_clk, wiringPi_data, GPIO_clk, GPIO_data, scaling, "offset") VALUES (1, 1, 'Motor1', 23, 24, 13, 19, NULL, NULL);
INSERT INTO configHX711Sensors (id, sensorID, name, wiringPi_clk, wiringPi_data, GPIO_clk, GPIO_data, scaling, "offset") VALUES (2, 2, 'Motor2', 27, 26, 16, 12, NULL, NULL);
INSERT INTO configHX711Sensors (id, sensorID, name, wiringPi_clk, wiringPi_data, GPIO_clk, GPIO_data, scaling, "offset") VALUES (3, 3, 'Motor3', 29, 28, 21, 20, NULL, NULL);
INSERT INTO configHX711Sensors (id, sensorID, name, wiringPi_clk, wiringPi_data, GPIO_clk, GPIO_data, scaling, "offset") VALUES (4, 4, 'Motor4', 21, 22, 5, 6, '', '');

-- Table: configLipos
CREATE TABLE configLipos (id INTEGER PRIMARY KEY AUTOINCREMENT, manufacturer TEXT, type TEXT, milliamp INTEGER);
INSERT INTO configLipos (id, manufacturer, type, milliamp) VALUES (1, 'Tattu', '4S', 1300);
INSERT INTO configLipos (id, manufacturer, type, milliamp) VALUES (2, 'GoldBat', '4S', 1300);
INSERT INTO configLipos (id, manufacturer, type, milliamp) VALUES (3, 'GoldBat', '4S', 1500);

-- Table: configMotors
CREATE TABLE configMotors (id INTEGER PRIMARY KEY AUTOINCREMENT, name TEXT, manufacturer TEXT, kv INTEGER, size TEXT, weight DECIMAL (3, 1), lipotype TEXT);
INSERT INTO configMotors (id, name, manufacturer, kv, size, weight, lipotype) VALUES (1, 'Vort3x', 'Hypertrain', 2650, '2207', 32, '4S');
INSERT INTO configMotors (id, name, manufacturer, kv, size, weight, lipotype) VALUES (2, 'Eco 2207', 'EMAX', 2400, '2207', 33, '4S');
INSERT INTO configMotors (id, name, manufacturer, kv, size, weight, lipotype) VALUES (3, 'BR2207S', 'Racestart', 2500, '2207', 35, '4S');
INSERT INTO configMotors (id, name, manufacturer, kv, size, weight, lipotype) VALUES (5, 'SUN FUN SF2207', 'DYS', 2400, '2207', 35.4, '4S');
INSERT INTO configMotors (id, name, manufacturer, kv, size, weight, lipotype) VALUES (6, 'Eco 2306', 'EMAX', 2400, '2306', 28, '4S');
INSERT INTO configMotors (id, name, manufacturer, kv, size, weight, lipotype) VALUES (7, 'Xing x2207', 'iFlight', 2750, '2207', NULL, '4S');
INSERT INTO configMotors (id, name, manufacturer, kv, size, weight, lipotype) VALUES (8, 'R6 2207', 'BrotherHobby ', 1750, '2207', NULL, '6S');
INSERT INTO configMotors (id, name, manufacturer, kv, size, weight, lipotype) VALUES (9, 'F60 III (Race)', 'T-motor', 2700, NULL, 35, '4S');
INSERT INTO configMotors (id, name, manufacturer, kv, size, weight, lipotype) VALUES (10, 'R6 2205', 'BrotherHobby ', 2450, '2205', 26, '4S');

-- Table: configProps
CREATE TABLE configProps (id INTEGER PRIMARY KEY AUTOINCREMENT, manufacturer TEXT, name TEXT, blades INTEGER, size TEXT, color TEXT);
INSERT INTO configProps (id, manufacturer, name, blades, size, color) VALUES (1, 'Dalprop', 'Cyclone T5045C', 3, '5045', 'transparent');
INSERT INTO configProps (id, manufacturer, name, blades, size, color) VALUES (2, 'Dalprop', 'Cyclone T5045C', 3, '5045', 'green');
INSERT INTO configProps (id, manufacturer, name, blades, size, color) VALUES (3, 'Dalprop', 'Cyclone T5045C', 3, '5045', 'red');
INSERT INTO configProps (id, manufacturer, name, blades, size, color) VALUES (4, 'Dalprop', 'Cyclone T5045C', 3, '5045', 'pink');
INSERT INTO configProps (id, manufacturer, name, blades, size, color) VALUES (5, 'Dalprop', 'Cyclone T5045C', 3, '5045', 'black');
INSERT INTO configProps (id, manufacturer, name, blades, size, color) VALUES (6, 'Dalprop', 'Cyclone T5045C', 3, '5045', 'yellow');
INSERT INTO configProps (id, manufacturer, name, blades, size, color) VALUES (13, 'Ethix', 'HQProp ETHiX S4 5x4x3', 3, '5040', 'black');
INSERT INTO configProps (id, manufacturer, name, blades, size, color) VALUES (14, 'Ethix', 'HQProp ETHiX S4 5x4x3', 3, '5040', 'green');
INSERT INTO configProps (id, manufacturer, name, blades, size, color) VALUES (15, 'Ethix', 'HQProp ETHiX S4 5x4x3', 3, '5040', 'black');
INSERT INTO configProps (id, manufacturer, name, blades, size, color) VALUES (16, 'Ethix', 'HQProp ETHiX S4 5x4x3', 3, '5040', 'yellow');
INSERT INTO configProps (id, manufacturer, name, blades, size, color) VALUES (17, 'GEPRC', '5040V2', 3, '5040', 'transparent');
INSERT INTO configProps (id, manufacturer, name, blades, size, color) VALUES (18, 'T-Motor', 'T5143 3-blade ', 3, '5143', 'blue transparent');
INSERT INTO configProps (id, manufacturer, name, blades, size, color) VALUES (19, 'GEMFAN', '3016', 3, '3016', 'light blue');
INSERT INTO configProps (id, manufacturer, name, blades, size, color) VALUES (20, 'Racerstar', 'Racerstar V2, 5x4.8x3', 3, '5048', 'green');
INSERT INTO configProps (id, manufacturer, name, blades, size, color) VALUES (23, 'Kingkong/LDARC', '5x4.5x3', 3, '5045', 'pink');
INSERT INTO configProps (id, manufacturer, name, blades, size, color) VALUES (24, 'Dalprop', 'Cyclone T5047C', 3, '5047', 'transparent');
INSERT INTO configProps (id, manufacturer, name, blades, size, color) VALUES (25, 'Dalprop', 'Cyclone T5047C', 3, '5047', 'green');
INSERT INTO configProps (id, manufacturer, name, blades, size, color) VALUES (26, 'Dalprop', 'Cyclone T5047C', 3, '5047', 'red');
INSERT INTO configProps (id, manufacturer, name, blades, size, color) VALUES (27, 'Dalprop', 'Cyclone T5047C', 3, '5047', 'pink');
INSERT INTO configProps (id, manufacturer, name, blades, size, color) VALUES (28, 'Dalprop', 'Cyclone T5047C', 3, '5047', 'black');
INSERT INTO configProps (id, manufacturer, name, blades, size, color) VALUES (29, 'Dalprop', 'Cyclone T5047C', 3, '5047', 'yellow');
INSERT INTO configProps (id, manufacturer, name, blades, size, color) VALUES (30, 'Dalprop', 'Cyclone T5040C', 3, '5040', 'transparent');
INSERT INTO configProps (id, manufacturer, name, blades, size, color) VALUES (31, 'Dalprop', 'Cyclone T5040C', 3, '5040', 'green');
INSERT INTO configProps (id, manufacturer, name, blades, size, color) VALUES (32, 'Dalprop', 'Cyclone T5040C', 3, '5040', 'red');
INSERT INTO configProps (id, manufacturer, name, blades, size, color) VALUES (33, 'Dalprop', 'Cyclone T5040C', 3, '5040', 'pink');
INSERT INTO configProps (id, manufacturer, name, blades, size, color) VALUES (34, 'Dalprop', 'Cyclone T5040C', 3, '5040', 'black');
INSERT INTO configProps (id, manufacturer, name, blades, size, color) VALUES (35, 'Dalprop', 'Cyclone T5040C', 3, '5040', 'yellow');
INSERT INTO configProps (id, manufacturer, name, blades, size, color) VALUES (36, 'Dalprop', 'Cyclone T5046C', 3, '5046', 'transparent');
INSERT INTO configProps (id, manufacturer, name, blades, size, color) VALUES (37, 'Dalprop', 'Cyclone T5046C', 3, '5046', 'green');
INSERT INTO configProps (id, manufacturer, name, blades, size, color) VALUES (38, 'Dalprop', 'Cyclone T5046C', 3, '5046', 'red');
INSERT INTO configProps (id, manufacturer, name, blades, size, color) VALUES (39, 'Dalprop', 'Cyclone T5046C', 3, '5046', 'pink');
INSERT INTO configProps (id, manufacturer, name, blades, size, color) VALUES (40, 'Dalprop', 'Cyclone T5046C', 3, '5046', 'black');
INSERT INTO configProps (id, manufacturer, name, blades, size, color) VALUES (41, 'Dalprop', 'Cyclone T5046C', 3, '5046', 'yellow');
INSERT INTO configProps (id, manufacturer, name, blades, size, color) VALUES (42, 'GEMFAN', 'Hurricane 51466', 3, '5146', 'green');

-- Table: configRouterFiles
CREATE TABLE configRouterFiles (id INTEGER PRIMARY KEY, filename TEXT NOT NULL, path TEXT NOT NULL);
INSERT INTO configRouterFiles (id, filename, path) VALUES (1, 'Run_RollsToggle.js', 'router');
INSERT INTO configRouterFiles (id, filename, path) VALUES (2, 'Run_FlipsToggle.js', 'router');
INSERT INTO configRouterFiles (id, filename, path) VALUES (3, 'Run_Rolls.js', 'router');
INSERT INTO configRouterFiles (id, filename, path) VALUES (4, 'Run_Flips.js', 'router');
INSERT INTO configRouterFiles (id, filename, path) VALUES (5, 'Run_Punch100Throttle.js', 'router');
INSERT INTO configRouterFiles (id, filename, path) VALUES (6, 'Run_Punch50Throttle.js', 'router');
INSERT INTO configRouterFiles (id, filename, path) VALUES (7, 'Run_SmoothThrottle.js', 'router');
INSERT INTO configRouterFiles (id, filename, path) VALUES (8, 'Run_Weight.js', 'router');

-- Table: configViewFiles
CREATE TABLE configViewFiles (id INTEGER PRIMARY KEY, filename TEXT NOT NULL, path TEXT NOT NULL);
INSERT INTO configViewFiles (id, filename, path) VALUES (1, 'View_Weight.pug', 'views');
INSERT INTO configViewFiles (id, filename, path) VALUES (2, 'View_SmoothThrottle.pug', 'views');
INSERT INTO configViewFiles (id, filename, path) VALUES (3, 'View_Punch50Throttle.pug', 'views');
INSERT INTO configViewFiles (id, filename, path) VALUES (4, 'View_Punch100Throttle.pug', 'views');
INSERT INTO configViewFiles (id, filename, path) VALUES (5, 'View_Rolls.pug', 'views');
INSERT INTO configViewFiles (id, filename, path) VALUES (6, 'View_Flips.pug', 'views');
INSERT INTO configViewFiles (id, filename, path) VALUES (7, 'View_RollsToggle.pug', 'views');
INSERT INTO configViewFiles (id, filename, path) VALUES (8, 'View_FlipsToggle.pug', 'views');

-- Table: Measurements
CREATE TABLE Measurements (id INTEGER PRIMARY KEY AUTOINCREMENT, run_id INTEGER NOT NULL REFERENCES Run (id) DEFAULT (1), analyzestep_id INTEGER REFERENCES configAnalyzeSteps (id), run_sequence INTEGER DEFAULT (1), time DATETIME DEFAULT (CURRENT_TIMESTAMP) NOT NULL, rawvalue_hx711_motor1 INTEGER, rawvalue_hx711_motor2 INTEGER, rawvalue_hx711_motor3 INTEGER, rawvalue_hx711_motor4 INTEGER, unitvalue_hx711_motor1 INTEGER, unitvalue_hx711_motor2 INTEGER, unitvalue_hx711_motor3 INTEGER, unitvalue_hx711_motor4 INTEGER, current_thrust_motor1 INTEGER, current_thrust_motor2 INTEGER, current_thrust_motor3 INTEGER, current_thrust_motor4 INTEGER, throttle_percentage INTEGER DEFAULT 0 NOT NULL);
INSERT INTO Measurements (id, run_id, analyzestep_id, run_sequence, time, rawvalue_hx711_motor1, rawvalue_hx711_motor2, rawvalue_hx711_motor3, rawvalue_hx711_motor4, unitvalue_hx711_motor1, unitvalue_hx711_motor2, unitvalue_hx711_motor3, unitvalue_hx711_motor4, current_thrust_motor1, current_thrust_motor2, current_thrust_motor3, current_thrust_motor4, throttle_percentage) VALUES (1, 1, 1, 1, '2019-12-19 19:40:10', -2000, -19800, -20250, -19750, 550, 535, 565, 540, '', NULL, NULL, NULL, 0);
INSERT INTO Measurements (id, run_id, analyzestep_id, run_sequence, time, rawvalue_hx711_motor1, rawvalue_hx711_motor2, rawvalue_hx711_motor3, rawvalue_hx711_motor4, unitvalue_hx711_motor1, unitvalue_hx711_motor2, unitvalue_hx711_motor3, unitvalue_hx711_motor4, current_thrust_motor1, current_thrust_motor2, current_thrust_motor3, current_thrust_motor4, throttle_percentage) VALUES (2, 2, 1, 1, '2019-12-19 18:45:10', -2000, -19800, -20250, -19750, 550, 535, 565, 540, NULL, NULL, NULL, NULL, 0);
INSERT INTO Measurements (id, run_id, analyzestep_id, run_sequence, time, rawvalue_hx711_motor1, rawvalue_hx711_motor2, rawvalue_hx711_motor3, rawvalue_hx711_motor4, unitvalue_hx711_motor1, unitvalue_hx711_motor2, unitvalue_hx711_motor3, unitvalue_hx711_motor4, current_thrust_motor1, current_thrust_motor2, current_thrust_motor3, current_thrust_motor4, throttle_percentage) VALUES (3, 2, 1, 1, '2019-12-19 19:50:25', -20010, -19850, -20301, -19745, 553, 542, 570, 538, NULL, NULL, NULL, NULL, 0);
INSERT INTO Measurements (id, run_id, analyzestep_id, run_sequence, time, rawvalue_hx711_motor1, rawvalue_hx711_motor2, rawvalue_hx711_motor3, rawvalue_hx711_motor4, unitvalue_hx711_motor1, unitvalue_hx711_motor2, unitvalue_hx711_motor3, unitvalue_hx711_motor4, current_thrust_motor1, current_thrust_motor2, current_thrust_motor3, current_thrust_motor4, throttle_percentage) VALUES (5, 2, 2, 1, '2019-12-19 20:20:33', 2600, 2457, 2598, 2493, 9, 10, 8, 8, NULL, NULL, NULL, NULL, 28);
INSERT INTO Measurements (id, run_id, analyzestep_id, run_sequence, time, rawvalue_hx711_motor1, rawvalue_hx711_motor2, rawvalue_hx711_motor3, rawvalue_hx711_motor4, unitvalue_hx711_motor1, unitvalue_hx711_motor2, unitvalue_hx711_motor3, unitvalue_hx711_motor4, current_thrust_motor1, current_thrust_motor2, current_thrust_motor3, current_thrust_motor4, throttle_percentage) VALUES (6, 1, 2, 1, '2019-12-19 20:20:33', 2700, 2564, 2696, 2586, 16, 15, 15, 13, NULL, NULL, NULL, NULL, 21);
INSERT INTO Measurements (id, run_id, analyzestep_id, run_sequence, time, rawvalue_hx711_motor1, rawvalue_hx711_motor2, rawvalue_hx711_motor3, rawvalue_hx711_motor4, unitvalue_hx711_motor1, unitvalue_hx711_motor2, unitvalue_hx711_motor3, unitvalue_hx711_motor4, current_thrust_motor1, current_thrust_motor2, current_thrust_motor3, current_thrust_motor4, throttle_percentage) VALUES (7, 2, 2, 1, '2019-12-19 20:20:33', 2800, 2671, 2794, 2679, 23, 20, 22, 18, NULL, NULL, NULL, NULL, 24);
INSERT INTO Measurements (id, run_id, analyzestep_id, run_sequence, time, rawvalue_hx711_motor1, rawvalue_hx711_motor2, rawvalue_hx711_motor3, rawvalue_hx711_motor4, unitvalue_hx711_motor1, unitvalue_hx711_motor2, unitvalue_hx711_motor3, unitvalue_hx711_motor4, current_thrust_motor1, current_thrust_motor2, current_thrust_motor3, current_thrust_motor4, throttle_percentage) VALUES (8, 1, 2, 1, '2019-12-19 20:20:33', 2900, 2778, 2892, 2772, 30, 25, 29, 23, NULL, NULL, NULL, NULL, 21);
INSERT INTO Measurements (id, run_id, analyzestep_id, run_sequence, time, rawvalue_hx711_motor1, rawvalue_hx711_motor2, rawvalue_hx711_motor3, rawvalue_hx711_motor4, unitvalue_hx711_motor1, unitvalue_hx711_motor2, unitvalue_hx711_motor3, unitvalue_hx711_motor4, current_thrust_motor1, current_thrust_motor2, current_thrust_motor3, current_thrust_motor4, throttle_percentage) VALUES (9, 1, 2, 1, '2019-12-19 20:20:33', 3000, 2885, 2990, 2865, 37, 30, 36, 28, NULL, NULL, NULL, NULL, 25);
INSERT INTO Measurements (id, run_id, analyzestep_id, run_sequence, time, rawvalue_hx711_motor1, rawvalue_hx711_motor2, rawvalue_hx711_motor3, rawvalue_hx711_motor4, unitvalue_hx711_motor1, unitvalue_hx711_motor2, unitvalue_hx711_motor3, unitvalue_hx711_motor4, current_thrust_motor1, current_thrust_motor2, current_thrust_motor3, current_thrust_motor4, throttle_percentage) VALUES (10, 2, 2, 1, '2019-12-19 20:20:33', 3100, 2992, 3088, 2958, 44, 35, 43, 33, NULL, NULL, NULL, NULL, 21);
INSERT INTO Measurements (id, run_id, analyzestep_id, run_sequence, time, rawvalue_hx711_motor1, rawvalue_hx711_motor2, rawvalue_hx711_motor3, rawvalue_hx711_motor4, unitvalue_hx711_motor1, unitvalue_hx711_motor2, unitvalue_hx711_motor3, unitvalue_hx711_motor4, current_thrust_motor1, current_thrust_motor2, current_thrust_motor3, current_thrust_motor4, throttle_percentage) VALUES (11, 1, 2, 1, '2019-12-19 20:20:33', 3200, 3099, 3186, 3051, 51, 40, 50, 38, NULL, NULL, NULL, NULL, 21);
INSERT INTO Measurements (id, run_id, analyzestep_id, run_sequence, time, rawvalue_hx711_motor1, rawvalue_hx711_motor2, rawvalue_hx711_motor3, rawvalue_hx711_motor4, unitvalue_hx711_motor1, unitvalue_hx711_motor2, unitvalue_hx711_motor3, unitvalue_hx711_motor4, current_thrust_motor1, current_thrust_motor2, current_thrust_motor3, current_thrust_motor4, throttle_percentage) VALUES (12, 2, 2, 1, '2019-12-19 20:20:33', 3300, 3206, 3284, 3144, 58, 45, 57, 43, NULL, NULL, NULL, NULL, 27);
INSERT INTO Measurements (id, run_id, analyzestep_id, run_sequence, time, rawvalue_hx711_motor1, rawvalue_hx711_motor2, rawvalue_hx711_motor3, rawvalue_hx711_motor4, unitvalue_hx711_motor1, unitvalue_hx711_motor2, unitvalue_hx711_motor3, unitvalue_hx711_motor4, current_thrust_motor1, current_thrust_motor2, current_thrust_motor3, current_thrust_motor4, throttle_percentage) VALUES (13, 2, 2, 1, '2019-12-19 20:20:33', 3400, 3313, 3382, 3237, 65, 50, 64, 48, NULL, NULL, NULL, NULL, 28);
INSERT INTO Measurements (id, run_id, analyzestep_id, run_sequence, time, rawvalue_hx711_motor1, rawvalue_hx711_motor2, rawvalue_hx711_motor3, rawvalue_hx711_motor4, unitvalue_hx711_motor1, unitvalue_hx711_motor2, unitvalue_hx711_motor3, unitvalue_hx711_motor4, current_thrust_motor1, current_thrust_motor2, current_thrust_motor3, current_thrust_motor4, throttle_percentage) VALUES (14, 1, 2, 1, '2019-12-19 20:20:33', 3500, 3420, 3480, 3330, 72, 55, 71, 53, NULL, NULL, NULL, NULL, 20);
INSERT INTO Measurements (id, run_id, analyzestep_id, run_sequence, time, rawvalue_hx711_motor1, rawvalue_hx711_motor2, rawvalue_hx711_motor3, rawvalue_hx711_motor4, unitvalue_hx711_motor1, unitvalue_hx711_motor2, unitvalue_hx711_motor3, unitvalue_hx711_motor4, current_thrust_motor1, current_thrust_motor2, current_thrust_motor3, current_thrust_motor4, throttle_percentage) VALUES (15, 2, 2, 1, '2019-12-19 20:20:33', 3600, 3527, 3578, 3423, 79, 60, 78, 58, NULL, NULL, NULL, NULL, 21);
INSERT INTO Measurements (id, run_id, analyzestep_id, run_sequence, time, rawvalue_hx711_motor1, rawvalue_hx711_motor2, rawvalue_hx711_motor3, rawvalue_hx711_motor4, unitvalue_hx711_motor1, unitvalue_hx711_motor2, unitvalue_hx711_motor3, unitvalue_hx711_motor4, current_thrust_motor1, current_thrust_motor2, current_thrust_motor3, current_thrust_motor4, throttle_percentage) VALUES (16, 1, 2, 1, '2019-12-19 20:20:33', 3700, 3634, 3676, 3516, 86, 65, 85, 63, NULL, NULL, NULL, NULL, 28);
INSERT INTO Measurements (id, run_id, analyzestep_id, run_sequence, time, rawvalue_hx711_motor1, rawvalue_hx711_motor2, rawvalue_hx711_motor3, rawvalue_hx711_motor4, unitvalue_hx711_motor1, unitvalue_hx711_motor2, unitvalue_hx711_motor3, unitvalue_hx711_motor4, current_thrust_motor1, current_thrust_motor2, current_thrust_motor3, current_thrust_motor4, throttle_percentage) VALUES (17, 2, 2, 1, '2019-12-19 20:20:33', 3800, 3741, 3774, 3609, 93, 70, 92, 68, NULL, NULL, NULL, NULL, 27);
INSERT INTO Measurements (id, run_id, analyzestep_id, run_sequence, time, rawvalue_hx711_motor1, rawvalue_hx711_motor2, rawvalue_hx711_motor3, rawvalue_hx711_motor4, unitvalue_hx711_motor1, unitvalue_hx711_motor2, unitvalue_hx711_motor3, unitvalue_hx711_motor4, current_thrust_motor1, current_thrust_motor2, current_thrust_motor3, current_thrust_motor4, throttle_percentage) VALUES (18, 2, 2, 1, '2019-12-19 20:20:33', 3900, 3848, 3872, 3702, 100, 75, 99, 73, NULL, NULL, NULL, NULL, 27);
INSERT INTO Measurements (id, run_id, analyzestep_id, run_sequence, time, rawvalue_hx711_motor1, rawvalue_hx711_motor2, rawvalue_hx711_motor3, rawvalue_hx711_motor4, unitvalue_hx711_motor1, unitvalue_hx711_motor2, unitvalue_hx711_motor3, unitvalue_hx711_motor4, current_thrust_motor1, current_thrust_motor2, current_thrust_motor3, current_thrust_motor4, throttle_percentage) VALUES (19, 2, 2, 1, '2019-12-19 20:20:33', 4000, 3955, 3970, 3795, 107, 80, 106, 78, NULL, NULL, NULL, NULL, 23);
INSERT INTO Measurements (id, run_id, analyzestep_id, run_sequence, time, rawvalue_hx711_motor1, rawvalue_hx711_motor2, rawvalue_hx711_motor3, rawvalue_hx711_motor4, unitvalue_hx711_motor1, unitvalue_hx711_motor2, unitvalue_hx711_motor3, unitvalue_hx711_motor4, current_thrust_motor1, current_thrust_motor2, current_thrust_motor3, current_thrust_motor4, throttle_percentage) VALUES (20, 2, 2, 1, '2019-12-19 20:20:33', 4100, 4062, 4068, 3888, 114, 85, 113, 83, NULL, NULL, NULL, NULL, 23);
INSERT INTO Measurements (id, run_id, analyzestep_id, run_sequence, time, rawvalue_hx711_motor1, rawvalue_hx711_motor2, rawvalue_hx711_motor3, rawvalue_hx711_motor4, unitvalue_hx711_motor1, unitvalue_hx711_motor2, unitvalue_hx711_motor3, unitvalue_hx711_motor4, current_thrust_motor1, current_thrust_motor2, current_thrust_motor3, current_thrust_motor4, throttle_percentage) VALUES (21, 2, 2, 1, '2019-12-19 20:20:33', 4200, 4169, 4166, 3981, 121, 90, 120, 88, NULL, NULL, NULL, NULL, 25);
INSERT INTO Measurements (id, run_id, analyzestep_id, run_sequence, time, rawvalue_hx711_motor1, rawvalue_hx711_motor2, rawvalue_hx711_motor3, rawvalue_hx711_motor4, unitvalue_hx711_motor1, unitvalue_hx711_motor2, unitvalue_hx711_motor3, unitvalue_hx711_motor4, current_thrust_motor1, current_thrust_motor2, current_thrust_motor3, current_thrust_motor4, throttle_percentage) VALUES (22, 1, 2, 1, '2019-12-19 20:20:33', 4300, 4276, 4264, 4074, 128, 95, 127, 93, NULL, NULL, NULL, NULL, 27);
INSERT INTO Measurements (id, run_id, analyzestep_id, run_sequence, time, rawvalue_hx711_motor1, rawvalue_hx711_motor2, rawvalue_hx711_motor3, rawvalue_hx711_motor4, unitvalue_hx711_motor1, unitvalue_hx711_motor2, unitvalue_hx711_motor3, unitvalue_hx711_motor4, current_thrust_motor1, current_thrust_motor2, current_thrust_motor3, current_thrust_motor4, throttle_percentage) VALUES (23, 2, 2, 1, '2019-12-19 20:20:33', 4400, 4383, 4362, 4167, 135, 100, 134, 98, NULL, NULL, NULL, NULL, 25);
INSERT INTO Measurements (id, run_id, analyzestep_id, run_sequence, time, rawvalue_hx711_motor1, rawvalue_hx711_motor2, rawvalue_hx711_motor3, rawvalue_hx711_motor4, unitvalue_hx711_motor1, unitvalue_hx711_motor2, unitvalue_hx711_motor3, unitvalue_hx711_motor4, current_thrust_motor1, current_thrust_motor2, current_thrust_motor3, current_thrust_motor4, throttle_percentage) VALUES (24, 1, 2, 1, '2019-12-19 20:20:33', 4500, 4490, 4460, 4260, 142, 105, 141, 103, NULL, NULL, NULL, NULL, 20);
INSERT INTO Measurements (id, run_id, analyzestep_id, run_sequence, time, rawvalue_hx711_motor1, rawvalue_hx711_motor2, rawvalue_hx711_motor3, rawvalue_hx711_motor4, unitvalue_hx711_motor1, unitvalue_hx711_motor2, unitvalue_hx711_motor3, unitvalue_hx711_motor4, current_thrust_motor1, current_thrust_motor2, current_thrust_motor3, current_thrust_motor4, throttle_percentage) VALUES (25, 1, 2, 1, '2019-12-19 20:20:33', 4600, 4597, 4558, 4353, 149, 110, 148, 108, NULL, NULL, NULL, NULL, 26);
INSERT INTO Measurements (id, run_id, analyzestep_id, run_sequence, time, rawvalue_hx711_motor1, rawvalue_hx711_motor2, rawvalue_hx711_motor3, rawvalue_hx711_motor4, unitvalue_hx711_motor1, unitvalue_hx711_motor2, unitvalue_hx711_motor3, unitvalue_hx711_motor4, current_thrust_motor1, current_thrust_motor2, current_thrust_motor3, current_thrust_motor4, throttle_percentage) VALUES (26, 2, 2, 1, '2019-12-19 20:20:33', 4700, 4704, 4656, 4446, 156, 115, 155, 113, NULL, NULL, NULL, NULL, 21);
INSERT INTO Measurements (id, run_id, analyzestep_id, run_sequence, time, rawvalue_hx711_motor1, rawvalue_hx711_motor2, rawvalue_hx711_motor3, rawvalue_hx711_motor4, unitvalue_hx711_motor1, unitvalue_hx711_motor2, unitvalue_hx711_motor3, unitvalue_hx711_motor4, current_thrust_motor1, current_thrust_motor2, current_thrust_motor3, current_thrust_motor4, throttle_percentage) VALUES (27, 1, 2, 1, '2019-12-19 20:20:33', 4800, 4811, 4754, 4539, 163, 120, 162, 118, NULL, NULL, NULL, NULL, 28);
INSERT INTO Measurements (id, run_id, analyzestep_id, run_sequence, time, rawvalue_hx711_motor1, rawvalue_hx711_motor2, rawvalue_hx711_motor3, rawvalue_hx711_motor4, unitvalue_hx711_motor1, unitvalue_hx711_motor2, unitvalue_hx711_motor3, unitvalue_hx711_motor4, current_thrust_motor1, current_thrust_motor2, current_thrust_motor3, current_thrust_motor4, throttle_percentage) VALUES (28, 1, 2, 1, '2019-12-19 20:20:33', 4900, 4918, 4852, 4632, 170, 125, 169, 123, NULL, NULL, NULL, NULL, 25);
INSERT INTO Measurements (id, run_id, analyzestep_id, run_sequence, time, rawvalue_hx711_motor1, rawvalue_hx711_motor2, rawvalue_hx711_motor3, rawvalue_hx711_motor4, unitvalue_hx711_motor1, unitvalue_hx711_motor2, unitvalue_hx711_motor3, unitvalue_hx711_motor4, current_thrust_motor1, current_thrust_motor2, current_thrust_motor3, current_thrust_motor4, throttle_percentage) VALUES (29, 2, 2, 1, '2019-12-19 20:20:33', 5000, 5025, 4950, 4725, 177, 130, 176, 128, NULL, NULL, NULL, NULL, 28);
INSERT INTO Measurements (id, run_id, analyzestep_id, run_sequence, time, rawvalue_hx711_motor1, rawvalue_hx711_motor2, rawvalue_hx711_motor3, rawvalue_hx711_motor4, unitvalue_hx711_motor1, unitvalue_hx711_motor2, unitvalue_hx711_motor3, unitvalue_hx711_motor4, current_thrust_motor1, current_thrust_motor2, current_thrust_motor3, current_thrust_motor4, throttle_percentage) VALUES (30, 2, 2, 1, '2019-12-19 20:20:33', 5100, 5132, 5048, 4818, 184, 135, 183, 133, NULL, NULL, NULL, NULL, 23);
INSERT INTO Measurements (id, run_id, analyzestep_id, run_sequence, time, rawvalue_hx711_motor1, rawvalue_hx711_motor2, rawvalue_hx711_motor3, rawvalue_hx711_motor4, unitvalue_hx711_motor1, unitvalue_hx711_motor2, unitvalue_hx711_motor3, unitvalue_hx711_motor4, current_thrust_motor1, current_thrust_motor2, current_thrust_motor3, current_thrust_motor4, throttle_percentage) VALUES (31, 1, 2, 1, '2019-12-19 20:20:33', 5200, 5239, 5146, 4911, 191, 140, 190, 138, NULL, NULL, NULL, NULL, 21);
INSERT INTO Measurements (id, run_id, analyzestep_id, run_sequence, time, rawvalue_hx711_motor1, rawvalue_hx711_motor2, rawvalue_hx711_motor3, rawvalue_hx711_motor4, unitvalue_hx711_motor1, unitvalue_hx711_motor2, unitvalue_hx711_motor3, unitvalue_hx711_motor4, current_thrust_motor1, current_thrust_motor2, current_thrust_motor3, current_thrust_motor4, throttle_percentage) VALUES (32, 2, 2, 1, '2019-12-19 20:20:33', 5300, 5346, 5244, 5004, 198, 145, 197, 143, NULL, NULL, NULL, NULL, 23);
INSERT INTO Measurements (id, run_id, analyzestep_id, run_sequence, time, rawvalue_hx711_motor1, rawvalue_hx711_motor2, rawvalue_hx711_motor3, rawvalue_hx711_motor4, unitvalue_hx711_motor1, unitvalue_hx711_motor2, unitvalue_hx711_motor3, unitvalue_hx711_motor4, current_thrust_motor1, current_thrust_motor2, current_thrust_motor3, current_thrust_motor4, throttle_percentage) VALUES (33, 2, 2, 1, '2019-12-19 20:20:33', 5400, 5453, 5342, 5097, 205, 150, 204, 148, NULL, NULL, NULL, NULL, 23);
INSERT INTO Measurements (id, run_id, analyzestep_id, run_sequence, time, rawvalue_hx711_motor1, rawvalue_hx711_motor2, rawvalue_hx711_motor3, rawvalue_hx711_motor4, unitvalue_hx711_motor1, unitvalue_hx711_motor2, unitvalue_hx711_motor3, unitvalue_hx711_motor4, current_thrust_motor1, current_thrust_motor2, current_thrust_motor3, current_thrust_motor4, throttle_percentage) VALUES (34, 2, 2, 1, '2019-12-19 20:20:33', 5500, 5560, 5440, 5190, 212, 155, 211, 153, NULL, NULL, NULL, NULL, 27);
INSERT INTO Measurements (id, run_id, analyzestep_id, run_sequence, time, rawvalue_hx711_motor1, rawvalue_hx711_motor2, rawvalue_hx711_motor3, rawvalue_hx711_motor4, unitvalue_hx711_motor1, unitvalue_hx711_motor2, unitvalue_hx711_motor3, unitvalue_hx711_motor4, current_thrust_motor1, current_thrust_motor2, current_thrust_motor3, current_thrust_motor4, throttle_percentage) VALUES (35, 2, 2, 1, '2019-12-19 20:20:33', 5600, 5667, 5538, 5283, 219, 160, 218, 158, NULL, NULL, NULL, NULL, 27);
INSERT INTO Measurements (id, run_id, analyzestep_id, run_sequence, time, rawvalue_hx711_motor1, rawvalue_hx711_motor2, rawvalue_hx711_motor3, rawvalue_hx711_motor4, unitvalue_hx711_motor1, unitvalue_hx711_motor2, unitvalue_hx711_motor3, unitvalue_hx711_motor4, current_thrust_motor1, current_thrust_motor2, current_thrust_motor3, current_thrust_motor4, throttle_percentage) VALUES (36, 1, 2, 1, '2019-12-19 20:20:33', 5700, 5774, 5636, 5376, 226, 165, 225, 163, NULL, NULL, NULL, NULL, 23);
INSERT INTO Measurements (id, run_id, analyzestep_id, run_sequence, time, rawvalue_hx711_motor1, rawvalue_hx711_motor2, rawvalue_hx711_motor3, rawvalue_hx711_motor4, unitvalue_hx711_motor1, unitvalue_hx711_motor2, unitvalue_hx711_motor3, unitvalue_hx711_motor4, current_thrust_motor1, current_thrust_motor2, current_thrust_motor3, current_thrust_motor4, throttle_percentage) VALUES (37, 2, 2, 1, '2019-12-19 20:20:33', 5800, 5881, 5734, 5469, 233, 170, 232, 168, NULL, NULL, NULL, NULL, 24);
INSERT INTO Measurements (id, run_id, analyzestep_id, run_sequence, time, rawvalue_hx711_motor1, rawvalue_hx711_motor2, rawvalue_hx711_motor3, rawvalue_hx711_motor4, unitvalue_hx711_motor1, unitvalue_hx711_motor2, unitvalue_hx711_motor3, unitvalue_hx711_motor4, current_thrust_motor1, current_thrust_motor2, current_thrust_motor3, current_thrust_motor4, throttle_percentage) VALUES (38, 2, 2, 1, '2019-12-19 20:20:33', 5900, 5988, 5832, 5562, 240, 175, 239, 173, NULL, NULL, NULL, NULL, 27);
INSERT INTO Measurements (id, run_id, analyzestep_id, run_sequence, time, rawvalue_hx711_motor1, rawvalue_hx711_motor2, rawvalue_hx711_motor3, rawvalue_hx711_motor4, unitvalue_hx711_motor1, unitvalue_hx711_motor2, unitvalue_hx711_motor3, unitvalue_hx711_motor4, current_thrust_motor1, current_thrust_motor2, current_thrust_motor3, current_thrust_motor4, throttle_percentage) VALUES (39, 2, 2, 1, '2019-12-19 20:20:33', 6000, 6095, 5930, 5655, 247, 180, 246, 178, NULL, NULL, NULL, NULL, 20);
INSERT INTO Measurements (id, run_id, analyzestep_id, run_sequence, time, rawvalue_hx711_motor1, rawvalue_hx711_motor2, rawvalue_hx711_motor3, rawvalue_hx711_motor4, unitvalue_hx711_motor1, unitvalue_hx711_motor2, unitvalue_hx711_motor3, unitvalue_hx711_motor4, current_thrust_motor1, current_thrust_motor2, current_thrust_motor3, current_thrust_motor4, throttle_percentage) VALUES (40, 1, 2, 1, '2019-12-19 20:20:33', 6100, 6202, 6028, 5748, 254, 185, 253, 183, NULL, NULL, NULL, NULL, 25);
INSERT INTO Measurements (id, run_id, analyzestep_id, run_sequence, time, rawvalue_hx711_motor1, rawvalue_hx711_motor2, rawvalue_hx711_motor3, rawvalue_hx711_motor4, unitvalue_hx711_motor1, unitvalue_hx711_motor2, unitvalue_hx711_motor3, unitvalue_hx711_motor4, current_thrust_motor1, current_thrust_motor2, current_thrust_motor3, current_thrust_motor4, throttle_percentage) VALUES (41, 2, 2, 1, '2019-12-19 20:20:33', 6200, 6309, 6126, 5841, 261, 190, 260, 188, NULL, NULL, NULL, NULL, 20);
INSERT INTO Measurements (id, run_id, analyzestep_id, run_sequence, time, rawvalue_hx711_motor1, rawvalue_hx711_motor2, rawvalue_hx711_motor3, rawvalue_hx711_motor4, unitvalue_hx711_motor1, unitvalue_hx711_motor2, unitvalue_hx711_motor3, unitvalue_hx711_motor4, current_thrust_motor1, current_thrust_motor2, current_thrust_motor3, current_thrust_motor4, throttle_percentage) VALUES (42, 2, 2, 1, '2019-12-19 20:20:33', 6300, 6416, 6224, 5934, 268, 195, 267, 193, NULL, NULL, NULL, NULL, 26);
INSERT INTO Measurements (id, run_id, analyzestep_id, run_sequence, time, rawvalue_hx711_motor1, rawvalue_hx711_motor2, rawvalue_hx711_motor3, rawvalue_hx711_motor4, unitvalue_hx711_motor1, unitvalue_hx711_motor2, unitvalue_hx711_motor3, unitvalue_hx711_motor4, current_thrust_motor1, current_thrust_motor2, current_thrust_motor3, current_thrust_motor4, throttle_percentage) VALUES (43, 1, 2, 1, '2019-12-19 20:20:33', 6400, 6523, 6322, 6027, 275, 200, 274, 198, NULL, NULL, NULL, NULL, 27);
INSERT INTO Measurements (id, run_id, analyzestep_id, run_sequence, time, rawvalue_hx711_motor1, rawvalue_hx711_motor2, rawvalue_hx711_motor3, rawvalue_hx711_motor4, unitvalue_hx711_motor1, unitvalue_hx711_motor2, unitvalue_hx711_motor3, unitvalue_hx711_motor4, current_thrust_motor1, current_thrust_motor2, current_thrust_motor3, current_thrust_motor4, throttle_percentage) VALUES (44, 2, 2, 1, '2019-12-19 20:20:33', 6500, 6630, 6420, 6120, 282, 205, 281, 203, NULL, NULL, NULL, NULL, 24);
INSERT INTO Measurements (id, run_id, analyzestep_id, run_sequence, time, rawvalue_hx711_motor1, rawvalue_hx711_motor2, rawvalue_hx711_motor3, rawvalue_hx711_motor4, unitvalue_hx711_motor1, unitvalue_hx711_motor2, unitvalue_hx711_motor3, unitvalue_hx711_motor4, current_thrust_motor1, current_thrust_motor2, current_thrust_motor3, current_thrust_motor4, throttle_percentage) VALUES (45, 2, 2, 1, '2019-12-19 20:20:33', 6600, 6737, 6518, 6213, 289, 210, 288, 208, NULL, NULL, NULL, NULL, 21);
INSERT INTO Measurements (id, run_id, analyzestep_id, run_sequence, time, rawvalue_hx711_motor1, rawvalue_hx711_motor2, rawvalue_hx711_motor3, rawvalue_hx711_motor4, unitvalue_hx711_motor1, unitvalue_hx711_motor2, unitvalue_hx711_motor3, unitvalue_hx711_motor4, current_thrust_motor1, current_thrust_motor2, current_thrust_motor3, current_thrust_motor4, throttle_percentage) VALUES (46, 2, 2, 1, '2019-12-19 20:20:33', 6700, 6844, 6616, 6306, 296, 215, 295, 213, NULL, NULL, NULL, NULL, 20);
INSERT INTO Measurements (id, run_id, analyzestep_id, run_sequence, time, rawvalue_hx711_motor1, rawvalue_hx711_motor2, rawvalue_hx711_motor3, rawvalue_hx711_motor4, unitvalue_hx711_motor1, unitvalue_hx711_motor2, unitvalue_hx711_motor3, unitvalue_hx711_motor4, current_thrust_motor1, current_thrust_motor2, current_thrust_motor3, current_thrust_motor4, throttle_percentage) VALUES (47, 2, 2, 1, '2019-12-19 20:20:33', 6800, 6951, 6714, 6399, 303, 220, 302, 218, NULL, NULL, NULL, NULL, 27);
INSERT INTO Measurements (id, run_id, analyzestep_id, run_sequence, time, rawvalue_hx711_motor1, rawvalue_hx711_motor2, rawvalue_hx711_motor3, rawvalue_hx711_motor4, unitvalue_hx711_motor1, unitvalue_hx711_motor2, unitvalue_hx711_motor3, unitvalue_hx711_motor4, current_thrust_motor1, current_thrust_motor2, current_thrust_motor3, current_thrust_motor4, throttle_percentage) VALUES (48, 2, 2, 1, '2019-12-19 20:20:33', 6900, 7058, 6812, 6492, 310, 225, 309, 223, NULL, NULL, NULL, NULL, 22);
INSERT INTO Measurements (id, run_id, analyzestep_id, run_sequence, time, rawvalue_hx711_motor1, rawvalue_hx711_motor2, rawvalue_hx711_motor3, rawvalue_hx711_motor4, unitvalue_hx711_motor1, unitvalue_hx711_motor2, unitvalue_hx711_motor3, unitvalue_hx711_motor4, current_thrust_motor1, current_thrust_motor2, current_thrust_motor3, current_thrust_motor4, throttle_percentage) VALUES (49, 1, 2, 1, '2019-12-19 20:20:33', 7000, 7165, 6910, 6585, 317, 230, 316, 228, NULL, NULL, NULL, NULL, 28);
INSERT INTO Measurements (id, run_id, analyzestep_id, run_sequence, time, rawvalue_hx711_motor1, rawvalue_hx711_motor2, rawvalue_hx711_motor3, rawvalue_hx711_motor4, unitvalue_hx711_motor1, unitvalue_hx711_motor2, unitvalue_hx711_motor3, unitvalue_hx711_motor4, current_thrust_motor1, current_thrust_motor2, current_thrust_motor3, current_thrust_motor4, throttle_percentage) VALUES (50, 1, 2, 1, '2019-12-19 20:20:33', 7100, 7272, 7008, 6678, 324, 235, 323, 233, NULL, NULL, NULL, NULL, 25);
INSERT INTO Measurements (id, run_id, analyzestep_id, run_sequence, time, rawvalue_hx711_motor1, rawvalue_hx711_motor2, rawvalue_hx711_motor3, rawvalue_hx711_motor4, unitvalue_hx711_motor1, unitvalue_hx711_motor2, unitvalue_hx711_motor3, unitvalue_hx711_motor4, current_thrust_motor1, current_thrust_motor2, current_thrust_motor3, current_thrust_motor4, throttle_percentage) VALUES (51, 2, 2, 1, '2019-12-19 20:20:33', 7200, 7379, 7106, 6771, 331, 240, 330, 238, NULL, NULL, NULL, NULL, 21);
INSERT INTO Measurements (id, run_id, analyzestep_id, run_sequence, time, rawvalue_hx711_motor1, rawvalue_hx711_motor2, rawvalue_hx711_motor3, rawvalue_hx711_motor4, unitvalue_hx711_motor1, unitvalue_hx711_motor2, unitvalue_hx711_motor3, unitvalue_hx711_motor4, current_thrust_motor1, current_thrust_motor2, current_thrust_motor3, current_thrust_motor4, throttle_percentage) VALUES (52, 1, 2, 1, '2019-12-19 20:20:33', 7300, 7486, 7204, 6864, 338, 245, 337, 243, NULL, NULL, NULL, NULL, 22);
INSERT INTO Measurements (id, run_id, analyzestep_id, run_sequence, time, rawvalue_hx711_motor1, rawvalue_hx711_motor2, rawvalue_hx711_motor3, rawvalue_hx711_motor4, unitvalue_hx711_motor1, unitvalue_hx711_motor2, unitvalue_hx711_motor3, unitvalue_hx711_motor4, current_thrust_motor1, current_thrust_motor2, current_thrust_motor3, current_thrust_motor4, throttle_percentage) VALUES (53, 2, 2, 1, '2019-12-19 20:20:33', 7400, 7593, 7302, 6957, 345, 250, 344, 248, NULL, NULL, NULL, NULL, 28);
INSERT INTO Measurements (id, run_id, analyzestep_id, run_sequence, time, rawvalue_hx711_motor1, rawvalue_hx711_motor2, rawvalue_hx711_motor3, rawvalue_hx711_motor4, unitvalue_hx711_motor1, unitvalue_hx711_motor2, unitvalue_hx711_motor3, unitvalue_hx711_motor4, current_thrust_motor1, current_thrust_motor2, current_thrust_motor3, current_thrust_motor4, throttle_percentage) VALUES (54, 1, 2, 1, '2019-12-19 20:20:33', 7500, 7700, 7400, 7050, 352, 255, 351, 253, NULL, NULL, NULL, NULL, 20);
INSERT INTO Measurements (id, run_id, analyzestep_id, run_sequence, time, rawvalue_hx711_motor1, rawvalue_hx711_motor2, rawvalue_hx711_motor3, rawvalue_hx711_motor4, unitvalue_hx711_motor1, unitvalue_hx711_motor2, unitvalue_hx711_motor3, unitvalue_hx711_motor4, current_thrust_motor1, current_thrust_motor2, current_thrust_motor3, current_thrust_motor4, throttle_percentage) VALUES (99, 2, 2, 2, '2019-12-19 20:47:07', 6958, 7227, 6957, 6640, 318, 274, 272, 229, NULL, NULL, NULL, NULL, 28);
INSERT INTO Measurements (id, run_id, analyzestep_id, run_sequence, time, rawvalue_hx711_motor1, rawvalue_hx711_motor2, rawvalue_hx711_motor3, rawvalue_hx711_motor4, unitvalue_hx711_motor1, unitvalue_hx711_motor2, unitvalue_hx711_motor3, unitvalue_hx711_motor4, current_thrust_motor1, current_thrust_motor2, current_thrust_motor3, current_thrust_motor4, throttle_percentage) VALUES (100, 2, 2, 2, '2019-12-19 20:47:07', 7057, 7336, 7056, 6734, 325, 280, 278, 234, NULL, NULL, NULL, NULL, 25);
INSERT INTO Measurements (id, run_id, analyzestep_id, run_sequence, time, rawvalue_hx711_motor1, rawvalue_hx711_motor2, rawvalue_hx711_motor3, rawvalue_hx711_motor4, unitvalue_hx711_motor1, unitvalue_hx711_motor2, unitvalue_hx711_motor3, unitvalue_hx711_motor4, current_thrust_motor1, current_thrust_motor2, current_thrust_motor3, current_thrust_motor4, throttle_percentage) VALUES (101, 2, 2, 2, '2019-12-19 20:47:07', 7156, 7445, 7155, 6828, 332, 286, 284, 239, NULL, NULL, NULL, NULL, 25);
INSERT INTO Measurements (id, run_id, analyzestep_id, run_sequence, time, rawvalue_hx711_motor1, rawvalue_hx711_motor2, rawvalue_hx711_motor3, rawvalue_hx711_motor4, unitvalue_hx711_motor1, unitvalue_hx711_motor2, unitvalue_hx711_motor3, unitvalue_hx711_motor4, current_thrust_motor1, current_thrust_motor2, current_thrust_motor3, current_thrust_motor4, throttle_percentage) VALUES (102, 2, 2, 2, '2019-12-19 20:47:07', 7255, 7554, 7254, 6922, 339, 292, 290, 244, NULL, NULL, NULL, NULL, 22);
INSERT INTO Measurements (id, run_id, analyzestep_id, run_sequence, time, rawvalue_hx711_motor1, rawvalue_hx711_motor2, rawvalue_hx711_motor3, rawvalue_hx711_motor4, unitvalue_hx711_motor1, unitvalue_hx711_motor2, unitvalue_hx711_motor3, unitvalue_hx711_motor4, current_thrust_motor1, current_thrust_motor2, current_thrust_motor3, current_thrust_motor4, throttle_percentage) VALUES (103, 1, 2, 2, '2019-12-19 20:47:07', 7354, 7663, 7353, 7016, 346, 298, 296, 249, NULL, NULL, NULL, NULL, 27);
INSERT INTO Measurements (id, run_id, analyzestep_id, run_sequence, time, rawvalue_hx711_motor1, rawvalue_hx711_motor2, rawvalue_hx711_motor3, rawvalue_hx711_motor4, unitvalue_hx711_motor1, unitvalue_hx711_motor2, unitvalue_hx711_motor3, unitvalue_hx711_motor4, current_thrust_motor1, current_thrust_motor2, current_thrust_motor3, current_thrust_motor4, throttle_percentage) VALUES (104, 1, 2, 2, '2019-12-19 20:47:07', 7453, 7772, 7452, 7110, 353, 304, 302, 254, NULL, NULL, NULL, NULL, 24);
INSERT INTO Measurements (id, run_id, analyzestep_id, run_sequence, time, rawvalue_hx711_motor1, rawvalue_hx711_motor2, rawvalue_hx711_motor3, rawvalue_hx711_motor4, unitvalue_hx711_motor1, unitvalue_hx711_motor2, unitvalue_hx711_motor3, unitvalue_hx711_motor4, current_thrust_motor1, current_thrust_motor2, current_thrust_motor3, current_thrust_motor4, throttle_percentage) VALUES (105, 2, 2, 2, '2019-12-19 20:48:04', 2602, 2431, 2601, 2504, 10, 10, 8, 9, NULL, NULL, NULL, NULL, 26);
INSERT INTO Measurements (id, run_id, analyzestep_id, run_sequence, time, rawvalue_hx711_motor1, rawvalue_hx711_motor2, rawvalue_hx711_motor3, rawvalue_hx711_motor4, unitvalue_hx711_motor1, unitvalue_hx711_motor2, unitvalue_hx711_motor3, unitvalue_hx711_motor4, current_thrust_motor1, current_thrust_motor2, current_thrust_motor3, current_thrust_motor4, throttle_percentage) VALUES (106, 1, 2, 2, '2019-12-19 20:48:04', 2701, 2540, 2700, 2598, 17, 16, 14, 14, NULL, NULL, NULL, NULL, 26);
INSERT INTO Measurements (id, run_id, analyzestep_id, run_sequence, time, rawvalue_hx711_motor1, rawvalue_hx711_motor2, rawvalue_hx711_motor3, rawvalue_hx711_motor4, unitvalue_hx711_motor1, unitvalue_hx711_motor2, unitvalue_hx711_motor3, unitvalue_hx711_motor4, current_thrust_motor1, current_thrust_motor2, current_thrust_motor3, current_thrust_motor4, throttle_percentage) VALUES (107, 2, 2, 2, '2019-12-19 20:48:04', 2800, 2649, 2799, 2692, 24, 22, 20, 19, NULL, NULL, NULL, NULL, 25);
INSERT INTO Measurements (id, run_id, analyzestep_id, run_sequence, time, rawvalue_hx711_motor1, rawvalue_hx711_motor2, rawvalue_hx711_motor3, rawvalue_hx711_motor4, unitvalue_hx711_motor1, unitvalue_hx711_motor2, unitvalue_hx711_motor3, unitvalue_hx711_motor4, current_thrust_motor1, current_thrust_motor2, current_thrust_motor3, current_thrust_motor4, throttle_percentage) VALUES (108, 2, 2, 2, '2019-12-19 20:48:04', 2899, 2758, 2898, 2786, 31, 28, 26, 24, NULL, NULL, NULL, NULL, 21);
INSERT INTO Measurements (id, run_id, analyzestep_id, run_sequence, time, rawvalue_hx711_motor1, rawvalue_hx711_motor2, rawvalue_hx711_motor3, rawvalue_hx711_motor4, unitvalue_hx711_motor1, unitvalue_hx711_motor2, unitvalue_hx711_motor3, unitvalue_hx711_motor4, current_thrust_motor1, current_thrust_motor2, current_thrust_motor3, current_thrust_motor4, throttle_percentage) VALUES (109, 1, 2, 2, '2019-12-19 20:48:04', 2998, 2867, 2997, 2880, 38, 34, 32, 29, NULL, NULL, NULL, NULL, 25);
INSERT INTO Measurements (id, run_id, analyzestep_id, run_sequence, time, rawvalue_hx711_motor1, rawvalue_hx711_motor2, rawvalue_hx711_motor3, rawvalue_hx711_motor4, unitvalue_hx711_motor1, unitvalue_hx711_motor2, unitvalue_hx711_motor3, unitvalue_hx711_motor4, current_thrust_motor1, current_thrust_motor2, current_thrust_motor3, current_thrust_motor4, throttle_percentage) VALUES (110, 2, 2, 2, '2019-12-19 20:48:04', 3097, 2976, 3096, 2974, 45, 40, 38, 34, NULL, NULL, NULL, NULL, 27);
INSERT INTO Measurements (id, run_id, analyzestep_id, run_sequence, time, rawvalue_hx711_motor1, rawvalue_hx711_motor2, rawvalue_hx711_motor3, rawvalue_hx711_motor4, unitvalue_hx711_motor1, unitvalue_hx711_motor2, unitvalue_hx711_motor3, unitvalue_hx711_motor4, current_thrust_motor1, current_thrust_motor2, current_thrust_motor3, current_thrust_motor4, throttle_percentage) VALUES (111, 2, 2, 2, '2019-12-19 20:48:04', 3196, 3085, 3195, 3068, 52, 46, 44, 39, NULL, NULL, NULL, NULL, 23);
INSERT INTO Measurements (id, run_id, analyzestep_id, run_sequence, time, rawvalue_hx711_motor1, rawvalue_hx711_motor2, rawvalue_hx711_motor3, rawvalue_hx711_motor4, unitvalue_hx711_motor1, unitvalue_hx711_motor2, unitvalue_hx711_motor3, unitvalue_hx711_motor4, current_thrust_motor1, current_thrust_motor2, current_thrust_motor3, current_thrust_motor4, throttle_percentage) VALUES (112, 1, 2, 2, '2019-12-19 20:48:04', 3295, 3194, 3294, 3162, 59, 52, 50, 44, NULL, NULL, NULL, NULL, 20);
INSERT INTO Measurements (id, run_id, analyzestep_id, run_sequence, time, rawvalue_hx711_motor1, rawvalue_hx711_motor2, rawvalue_hx711_motor3, rawvalue_hx711_motor4, unitvalue_hx711_motor1, unitvalue_hx711_motor2, unitvalue_hx711_motor3, unitvalue_hx711_motor4, current_thrust_motor1, current_thrust_motor2, current_thrust_motor3, current_thrust_motor4, throttle_percentage) VALUES (113, 2, 2, 2, '2019-12-19 20:48:04', 3394, 3303, 3393, 3256, 66, 58, 56, 49, NULL, NULL, NULL, NULL, 28);
INSERT INTO Measurements (id, run_id, analyzestep_id, run_sequence, time, rawvalue_hx711_motor1, rawvalue_hx711_motor2, rawvalue_hx711_motor3, rawvalue_hx711_motor4, unitvalue_hx711_motor1, unitvalue_hx711_motor2, unitvalue_hx711_motor3, unitvalue_hx711_motor4, current_thrust_motor1, current_thrust_motor2, current_thrust_motor3, current_thrust_motor4, throttle_percentage) VALUES (114, 1, 2, 2, '2019-12-19 20:48:04', 3493, 3412, 3492, 3350, 73, 64, 62, 54, NULL, NULL, NULL, NULL, 27);
INSERT INTO Measurements (id, run_id, analyzestep_id, run_sequence, time, rawvalue_hx711_motor1, rawvalue_hx711_motor2, rawvalue_hx711_motor3, rawvalue_hx711_motor4, unitvalue_hx711_motor1, unitvalue_hx711_motor2, unitvalue_hx711_motor3, unitvalue_hx711_motor4, current_thrust_motor1, current_thrust_motor2, current_thrust_motor3, current_thrust_motor4, throttle_percentage) VALUES (115, 2, 2, 2, '2019-12-19 20:48:04', 3592, 3521, 3591, 3444, 80, 70, 68, 59, NULL, NULL, NULL, NULL, 22);
INSERT INTO Measurements (id, run_id, analyzestep_id, run_sequence, time, rawvalue_hx711_motor1, rawvalue_hx711_motor2, rawvalue_hx711_motor3, rawvalue_hx711_motor4, unitvalue_hx711_motor1, unitvalue_hx711_motor2, unitvalue_hx711_motor3, unitvalue_hx711_motor4, current_thrust_motor1, current_thrust_motor2, current_thrust_motor3, current_thrust_motor4, throttle_percentage) VALUES (116, 2, 2, 2, '2019-12-19 20:48:04', 3691, 3630, 3690, 3538, 87, 76, 74, 64, NULL, NULL, NULL, NULL, 28);
INSERT INTO Measurements (id, run_id, analyzestep_id, run_sequence, time, rawvalue_hx711_motor1, rawvalue_hx711_motor2, rawvalue_hx711_motor3, rawvalue_hx711_motor4, unitvalue_hx711_motor1, unitvalue_hx711_motor2, unitvalue_hx711_motor3, unitvalue_hx711_motor4, current_thrust_motor1, current_thrust_motor2, current_thrust_motor3, current_thrust_motor4, throttle_percentage) VALUES (117, 1, 2, 2, '2019-12-19 20:48:04', 3790, 3739, 3789, 3632, 94, 82, 80, 69, NULL, NULL, NULL, NULL, 23);
INSERT INTO Measurements (id, run_id, analyzestep_id, run_sequence, time, rawvalue_hx711_motor1, rawvalue_hx711_motor2, rawvalue_hx711_motor3, rawvalue_hx711_motor4, unitvalue_hx711_motor1, unitvalue_hx711_motor2, unitvalue_hx711_motor3, unitvalue_hx711_motor4, current_thrust_motor1, current_thrust_motor2, current_thrust_motor3, current_thrust_motor4, throttle_percentage) VALUES (118, 2, 2, 2, '2019-12-19 20:48:04', 3889, 3848, 3888, 3726, 101, 88, 86, 74, NULL, NULL, NULL, NULL, 25);
INSERT INTO Measurements (id, run_id, analyzestep_id, run_sequence, time, rawvalue_hx711_motor1, rawvalue_hx711_motor2, rawvalue_hx711_motor3, rawvalue_hx711_motor4, unitvalue_hx711_motor1, unitvalue_hx711_motor2, unitvalue_hx711_motor3, unitvalue_hx711_motor4, current_thrust_motor1, current_thrust_motor2, current_thrust_motor3, current_thrust_motor4, throttle_percentage) VALUES (119, 1, 2, 2, '2019-12-19 20:48:04', 3988, 3957, 3987, 3820, 108, 94, 92, 79, NULL, NULL, NULL, NULL, 25);
INSERT INTO Measurements (id, run_id, analyzestep_id, run_sequence, time, rawvalue_hx711_motor1, rawvalue_hx711_motor2, rawvalue_hx711_motor3, rawvalue_hx711_motor4, unitvalue_hx711_motor1, unitvalue_hx711_motor2, unitvalue_hx711_motor3, unitvalue_hx711_motor4, current_thrust_motor1, current_thrust_motor2, current_thrust_motor3, current_thrust_motor4, throttle_percentage) VALUES (120, 2, 2, 2, '2019-12-19 20:48:04', 4087, 4066, 4086, 3914, 115, 100, 98, 84, NULL, NULL, NULL, NULL, 24);
INSERT INTO Measurements (id, run_id, analyzestep_id, run_sequence, time, rawvalue_hx711_motor1, rawvalue_hx711_motor2, rawvalue_hx711_motor3, rawvalue_hx711_motor4, unitvalue_hx711_motor1, unitvalue_hx711_motor2, unitvalue_hx711_motor3, unitvalue_hx711_motor4, current_thrust_motor1, current_thrust_motor2, current_thrust_motor3, current_thrust_motor4, throttle_percentage) VALUES (121, 1, 2, 2, '2019-12-19 20:48:04', 4186, 4175, 4185, 4008, 122, 106, 104, 89, NULL, NULL, NULL, NULL, 25);
INSERT INTO Measurements (id, run_id, analyzestep_id, run_sequence, time, rawvalue_hx711_motor1, rawvalue_hx711_motor2, rawvalue_hx711_motor3, rawvalue_hx711_motor4, unitvalue_hx711_motor1, unitvalue_hx711_motor2, unitvalue_hx711_motor3, unitvalue_hx711_motor4, current_thrust_motor1, current_thrust_motor2, current_thrust_motor3, current_thrust_motor4, throttle_percentage) VALUES (122, 2, 2, 2, '2019-12-19 20:48:04', 4285, 4284, 4284, 4102, 129, 112, 110, 94, NULL, NULL, NULL, NULL, 23);
INSERT INTO Measurements (id, run_id, analyzestep_id, run_sequence, time, rawvalue_hx711_motor1, rawvalue_hx711_motor2, rawvalue_hx711_motor3, rawvalue_hx711_motor4, unitvalue_hx711_motor1, unitvalue_hx711_motor2, unitvalue_hx711_motor3, unitvalue_hx711_motor4, current_thrust_motor1, current_thrust_motor2, current_thrust_motor3, current_thrust_motor4, throttle_percentage) VALUES (123, 2, 2, 2, '2019-12-19 20:48:04', 4384, 4393, 4383, 4196, 136, 118, 116, 99, NULL, NULL, NULL, NULL, 28);
INSERT INTO Measurements (id, run_id, analyzestep_id, run_sequence, time, rawvalue_hx711_motor1, rawvalue_hx711_motor2, rawvalue_hx711_motor3, rawvalue_hx711_motor4, unitvalue_hx711_motor1, unitvalue_hx711_motor2, unitvalue_hx711_motor3, unitvalue_hx711_motor4, current_thrust_motor1, current_thrust_motor2, current_thrust_motor3, current_thrust_motor4, throttle_percentage) VALUES (124, 1, 2, 2, '2019-12-19 20:48:04', 4483, 4502, 4482, 4290, 143, 124, 122, 104, NULL, NULL, NULL, NULL, 22);
INSERT INTO Measurements (id, run_id, analyzestep_id, run_sequence, time, rawvalue_hx711_motor1, rawvalue_hx711_motor2, rawvalue_hx711_motor3, rawvalue_hx711_motor4, unitvalue_hx711_motor1, unitvalue_hx711_motor2, unitvalue_hx711_motor3, unitvalue_hx711_motor4, current_thrust_motor1, current_thrust_motor2, current_thrust_motor3, current_thrust_motor4, throttle_percentage) VALUES (125, 1, 2, 2, '2019-12-19 20:48:04', 4582, 4611, 4581, 4384, 150, 130, 128, 109, NULL, NULL, NULL, NULL, 28);
INSERT INTO Measurements (id, run_id, analyzestep_id, run_sequence, time, rawvalue_hx711_motor1, rawvalue_hx711_motor2, rawvalue_hx711_motor3, rawvalue_hx711_motor4, unitvalue_hx711_motor1, unitvalue_hx711_motor2, unitvalue_hx711_motor3, unitvalue_hx711_motor4, current_thrust_motor1, current_thrust_motor2, current_thrust_motor3, current_thrust_motor4, throttle_percentage) VALUES (126, 1, 2, 2, '2019-12-19 20:48:04', 4681, 4720, 4680, 4478, 157, 136, 134, 114, NULL, NULL, NULL, NULL, 20);
INSERT INTO Measurements (id, run_id, analyzestep_id, run_sequence, time, rawvalue_hx711_motor1, rawvalue_hx711_motor2, rawvalue_hx711_motor3, rawvalue_hx711_motor4, unitvalue_hx711_motor1, unitvalue_hx711_motor2, unitvalue_hx711_motor3, unitvalue_hx711_motor4, current_thrust_motor1, current_thrust_motor2, current_thrust_motor3, current_thrust_motor4, throttle_percentage) VALUES (127, 2, 2, 2, '2019-12-19 20:48:04', 4780, 4829, 4779, 4572, 164, 142, 140, 119, NULL, NULL, NULL, NULL, 23);
INSERT INTO Measurements (id, run_id, analyzestep_id, run_sequence, time, rawvalue_hx711_motor1, rawvalue_hx711_motor2, rawvalue_hx711_motor3, rawvalue_hx711_motor4, unitvalue_hx711_motor1, unitvalue_hx711_motor2, unitvalue_hx711_motor3, unitvalue_hx711_motor4, current_thrust_motor1, current_thrust_motor2, current_thrust_motor3, current_thrust_motor4, throttle_percentage) VALUES (128, 1, 2, 2, '2019-12-19 20:48:04', 4879, 4938, 4878, 4666, 171, 148, 146, 124, NULL, NULL, NULL, NULL, 25);
INSERT INTO Measurements (id, run_id, analyzestep_id, run_sequence, time, rawvalue_hx711_motor1, rawvalue_hx711_motor2, rawvalue_hx711_motor3, rawvalue_hx711_motor4, unitvalue_hx711_motor1, unitvalue_hx711_motor2, unitvalue_hx711_motor3, unitvalue_hx711_motor4, current_thrust_motor1, current_thrust_motor2, current_thrust_motor3, current_thrust_motor4, throttle_percentage) VALUES (129, 1, 2, 2, '2019-12-19 20:48:04', 4978, 5047, 4977, 4760, 178, 154, 152, 129, NULL, NULL, NULL, NULL, 24);
INSERT INTO Measurements (id, run_id, analyzestep_id, run_sequence, time, rawvalue_hx711_motor1, rawvalue_hx711_motor2, rawvalue_hx711_motor3, rawvalue_hx711_motor4, unitvalue_hx711_motor1, unitvalue_hx711_motor2, unitvalue_hx711_motor3, unitvalue_hx711_motor4, current_thrust_motor1, current_thrust_motor2, current_thrust_motor3, current_thrust_motor4, throttle_percentage) VALUES (130, 2, 2, 2, '2019-12-19 20:48:04', 5077, 5156, 5076, 4854, 185, 160, 158, 134, NULL, NULL, NULL, NULL, 23);
INSERT INTO Measurements (id, run_id, analyzestep_id, run_sequence, time, rawvalue_hx711_motor1, rawvalue_hx711_motor2, rawvalue_hx711_motor3, rawvalue_hx711_motor4, unitvalue_hx711_motor1, unitvalue_hx711_motor2, unitvalue_hx711_motor3, unitvalue_hx711_motor4, current_thrust_motor1, current_thrust_motor2, current_thrust_motor3, current_thrust_motor4, throttle_percentage) VALUES (131, 2, 2, 2, '2019-12-19 20:48:04', 5176, 5265, 5175, 4948, 192, 166, 164, 139, NULL, NULL, NULL, NULL, 26);
INSERT INTO Measurements (id, run_id, analyzestep_id, run_sequence, time, rawvalue_hx711_motor1, rawvalue_hx711_motor2, rawvalue_hx711_motor3, rawvalue_hx711_motor4, unitvalue_hx711_motor1, unitvalue_hx711_motor2, unitvalue_hx711_motor3, unitvalue_hx711_motor4, current_thrust_motor1, current_thrust_motor2, current_thrust_motor3, current_thrust_motor4, throttle_percentage) VALUES (132, 1, 2, 2, '2019-12-19 20:48:04', 5275, 5374, 5274, 5042, 199, 172, 170, 144, NULL, NULL, NULL, NULL, 27);
INSERT INTO Measurements (id, run_id, analyzestep_id, run_sequence, time, rawvalue_hx711_motor1, rawvalue_hx711_motor2, rawvalue_hx711_motor3, rawvalue_hx711_motor4, unitvalue_hx711_motor1, unitvalue_hx711_motor2, unitvalue_hx711_motor3, unitvalue_hx711_motor4, current_thrust_motor1, current_thrust_motor2, current_thrust_motor3, current_thrust_motor4, throttle_percentage) VALUES (133, 2, 2, 2, '2019-12-19 20:48:04', 5374, 5483, 5373, 5136, 206, 178, 176, 149, NULL, NULL, NULL, NULL, 24);
INSERT INTO Measurements (id, run_id, analyzestep_id, run_sequence, time, rawvalue_hx711_motor1, rawvalue_hx711_motor2, rawvalue_hx711_motor3, rawvalue_hx711_motor4, unitvalue_hx711_motor1, unitvalue_hx711_motor2, unitvalue_hx711_motor3, unitvalue_hx711_motor4, current_thrust_motor1, current_thrust_motor2, current_thrust_motor3, current_thrust_motor4, throttle_percentage) VALUES (134, 1, 2, 2, '2019-12-19 20:48:04', 5473, 5592, 5472, 5230, 213, 184, 182, 154, NULL, NULL, NULL, NULL, 23);
INSERT INTO Measurements (id, run_id, analyzestep_id, run_sequence, time, rawvalue_hx711_motor1, rawvalue_hx711_motor2, rawvalue_hx711_motor3, rawvalue_hx711_motor4, unitvalue_hx711_motor1, unitvalue_hx711_motor2, unitvalue_hx711_motor3, unitvalue_hx711_motor4, current_thrust_motor1, current_thrust_motor2, current_thrust_motor3, current_thrust_motor4, throttle_percentage) VALUES (135, 1, 2, 2, '2019-12-19 20:48:04', 5572, 5701, 5571, 5324, 220, 190, 188, 159, NULL, NULL, NULL, NULL, 28);
INSERT INTO Measurements (id, run_id, analyzestep_id, run_sequence, time, rawvalue_hx711_motor1, rawvalue_hx711_motor2, rawvalue_hx711_motor3, rawvalue_hx711_motor4, unitvalue_hx711_motor1, unitvalue_hx711_motor2, unitvalue_hx711_motor3, unitvalue_hx711_motor4, current_thrust_motor1, current_thrust_motor2, current_thrust_motor3, current_thrust_motor4, throttle_percentage) VALUES (136, 2, 2, 2, '2019-12-19 20:48:04', 5671, 5810, 5670, 5418, 227, 196, 194, 164, NULL, NULL, NULL, NULL, 26);
INSERT INTO Measurements (id, run_id, analyzestep_id, run_sequence, time, rawvalue_hx711_motor1, rawvalue_hx711_motor2, rawvalue_hx711_motor3, rawvalue_hx711_motor4, unitvalue_hx711_motor1, unitvalue_hx711_motor2, unitvalue_hx711_motor3, unitvalue_hx711_motor4, current_thrust_motor1, current_thrust_motor2, current_thrust_motor3, current_thrust_motor4, throttle_percentage) VALUES (137, 1, 2, 2, '2019-12-19 20:48:04', 5770, 5919, 5769, 5512, 234, 202, 200, 169, NULL, NULL, NULL, NULL, 20);
INSERT INTO Measurements (id, run_id, analyzestep_id, run_sequence, time, rawvalue_hx711_motor1, rawvalue_hx711_motor2, rawvalue_hx711_motor3, rawvalue_hx711_motor4, unitvalue_hx711_motor1, unitvalue_hx711_motor2, unitvalue_hx711_motor3, unitvalue_hx711_motor4, current_thrust_motor1, current_thrust_motor2, current_thrust_motor3, current_thrust_motor4, throttle_percentage) VALUES (138, 2, 2, 2, '2019-12-19 20:48:04', 5869, 6028, 5868, 5606, 241, 208, 206, 174, NULL, NULL, NULL, NULL, 28);
INSERT INTO Measurements (id, run_id, analyzestep_id, run_sequence, time, rawvalue_hx711_motor1, rawvalue_hx711_motor2, rawvalue_hx711_motor3, rawvalue_hx711_motor4, unitvalue_hx711_motor1, unitvalue_hx711_motor2, unitvalue_hx711_motor3, unitvalue_hx711_motor4, current_thrust_motor1, current_thrust_motor2, current_thrust_motor3, current_thrust_motor4, throttle_percentage) VALUES (139, 1, 2, 2, '2019-12-19 20:48:04', 5968, 6137, 5967, 5700, 248, 214, 212, 179, NULL, NULL, NULL, NULL, 28);
INSERT INTO Measurements (id, run_id, analyzestep_id, run_sequence, time, rawvalue_hx711_motor1, rawvalue_hx711_motor2, rawvalue_hx711_motor3, rawvalue_hx711_motor4, unitvalue_hx711_motor1, unitvalue_hx711_motor2, unitvalue_hx711_motor3, unitvalue_hx711_motor4, current_thrust_motor1, current_thrust_motor2, current_thrust_motor3, current_thrust_motor4, throttle_percentage) VALUES (140, 2, 2, 2, '2019-12-19 20:48:04', 6067, 6246, 6066, 5794, 255, 220, 218, 184, NULL, NULL, NULL, NULL, 25);
INSERT INTO Measurements (id, run_id, analyzestep_id, run_sequence, time, rawvalue_hx711_motor1, rawvalue_hx711_motor2, rawvalue_hx711_motor3, rawvalue_hx711_motor4, unitvalue_hx711_motor1, unitvalue_hx711_motor2, unitvalue_hx711_motor3, unitvalue_hx711_motor4, current_thrust_motor1, current_thrust_motor2, current_thrust_motor3, current_thrust_motor4, throttle_percentage) VALUES (141, 1, 2, 2, '2019-12-19 20:48:04', 6166, 6355, 6165, 5888, 262, 226, 224, 189, NULL, NULL, NULL, NULL, 23);
INSERT INTO Measurements (id, run_id, analyzestep_id, run_sequence, time, rawvalue_hx711_motor1, rawvalue_hx711_motor2, rawvalue_hx711_motor3, rawvalue_hx711_motor4, unitvalue_hx711_motor1, unitvalue_hx711_motor2, unitvalue_hx711_motor3, unitvalue_hx711_motor4, current_thrust_motor1, current_thrust_motor2, current_thrust_motor3, current_thrust_motor4, throttle_percentage) VALUES (142, 1, 2, 2, '2019-12-19 20:48:04', 6265, 6464, 6264, 5982, 269, 232, 230, 194, NULL, NULL, NULL, NULL, 22);
INSERT INTO Measurements (id, run_id, analyzestep_id, run_sequence, time, rawvalue_hx711_motor1, rawvalue_hx711_motor2, rawvalue_hx711_motor3, rawvalue_hx711_motor4, unitvalue_hx711_motor1, unitvalue_hx711_motor2, unitvalue_hx711_motor3, unitvalue_hx711_motor4, current_thrust_motor1, current_thrust_motor2, current_thrust_motor3, current_thrust_motor4, throttle_percentage) VALUES (143, 1, 2, 2, '2019-12-19 20:48:04', 6364, 6573, 6363, 6076, 276, 238, 236, 199, NULL, NULL, NULL, NULL, 24);
INSERT INTO Measurements (id, run_id, analyzestep_id, run_sequence, time, rawvalue_hx711_motor1, rawvalue_hx711_motor2, rawvalue_hx711_motor3, rawvalue_hx711_motor4, unitvalue_hx711_motor1, unitvalue_hx711_motor2, unitvalue_hx711_motor3, unitvalue_hx711_motor4, current_thrust_motor1, current_thrust_motor2, current_thrust_motor3, current_thrust_motor4, throttle_percentage) VALUES (144, 2, 2, 2, '2019-12-19 20:48:04', 6463, 6682, 6462, 6170, 283, 244, 242, 204, NULL, NULL, NULL, NULL, 28);
INSERT INTO Measurements (id, run_id, analyzestep_id, run_sequence, time, rawvalue_hx711_motor1, rawvalue_hx711_motor2, rawvalue_hx711_motor3, rawvalue_hx711_motor4, unitvalue_hx711_motor1, unitvalue_hx711_motor2, unitvalue_hx711_motor3, unitvalue_hx711_motor4, current_thrust_motor1, current_thrust_motor2, current_thrust_motor3, current_thrust_motor4, throttle_percentage) VALUES (145, 1, 2, 2, '2019-12-19 20:48:04', 6562, 6791, 6561, 6264, 290, 250, 248, 209, NULL, NULL, NULL, NULL, 20);
INSERT INTO Measurements (id, run_id, analyzestep_id, run_sequence, time, rawvalue_hx711_motor1, rawvalue_hx711_motor2, rawvalue_hx711_motor3, rawvalue_hx711_motor4, unitvalue_hx711_motor1, unitvalue_hx711_motor2, unitvalue_hx711_motor3, unitvalue_hx711_motor4, current_thrust_motor1, current_thrust_motor2, current_thrust_motor3, current_thrust_motor4, throttle_percentage) VALUES (146, 1, 2, 2, '2019-12-19 20:48:04', 6661, 6900, 6660, 6358, 297, 256, 254, 214, NULL, NULL, NULL, NULL, 21);
INSERT INTO Measurements (id, run_id, analyzestep_id, run_sequence, time, rawvalue_hx711_motor1, rawvalue_hx711_motor2, rawvalue_hx711_motor3, rawvalue_hx711_motor4, unitvalue_hx711_motor1, unitvalue_hx711_motor2, unitvalue_hx711_motor3, unitvalue_hx711_motor4, current_thrust_motor1, current_thrust_motor2, current_thrust_motor3, current_thrust_motor4, throttle_percentage) VALUES (147, 2, 2, 2, '2019-12-19 20:48:04', 6760, 7009, 6759, 6452, 304, 262, 260, 219, NULL, NULL, NULL, NULL, 24);
INSERT INTO Measurements (id, run_id, analyzestep_id, run_sequence, time, rawvalue_hx711_motor1, rawvalue_hx711_motor2, rawvalue_hx711_motor3, rawvalue_hx711_motor4, unitvalue_hx711_motor1, unitvalue_hx711_motor2, unitvalue_hx711_motor3, unitvalue_hx711_motor4, current_thrust_motor1, current_thrust_motor2, current_thrust_motor3, current_thrust_motor4, throttle_percentage) VALUES (148, 2, 2, 2, '2019-12-19 20:48:04', 6859, 7118, 6858, 6546, 311, 268, 266, 224, NULL, NULL, NULL, NULL, 28);
INSERT INTO Measurements (id, run_id, analyzestep_id, run_sequence, time, rawvalue_hx711_motor1, rawvalue_hx711_motor2, rawvalue_hx711_motor3, rawvalue_hx711_motor4, unitvalue_hx711_motor1, unitvalue_hx711_motor2, unitvalue_hx711_motor3, unitvalue_hx711_motor4, current_thrust_motor1, current_thrust_motor2, current_thrust_motor3, current_thrust_motor4, throttle_percentage) VALUES (149, 2, 2, 2, '2019-12-19 20:48:04', 6958, 7227, 6957, 6640, 318, 274, 272, 229, NULL, NULL, NULL, NULL, 25);
INSERT INTO Measurements (id, run_id, analyzestep_id, run_sequence, time, rawvalue_hx711_motor1, rawvalue_hx711_motor2, rawvalue_hx711_motor3, rawvalue_hx711_motor4, unitvalue_hx711_motor1, unitvalue_hx711_motor2, unitvalue_hx711_motor3, unitvalue_hx711_motor4, current_thrust_motor1, current_thrust_motor2, current_thrust_motor3, current_thrust_motor4, throttle_percentage) VALUES (150, 2, 2, 2, '2019-12-19 20:48:04', 7057, 7336, 7056, 6734, 325, 280, 278, 234, NULL, NULL, NULL, NULL, 21);
INSERT INTO Measurements (id, run_id, analyzestep_id, run_sequence, time, rawvalue_hx711_motor1, rawvalue_hx711_motor2, rawvalue_hx711_motor3, rawvalue_hx711_motor4, unitvalue_hx711_motor1, unitvalue_hx711_motor2, unitvalue_hx711_motor3, unitvalue_hx711_motor4, current_thrust_motor1, current_thrust_motor2, current_thrust_motor3, current_thrust_motor4, throttle_percentage) VALUES (151, 1, 2, 2, '2019-12-19 20:48:04', 7156, 7445, 7155, 6828, 332, 286, 284, 239, NULL, NULL, NULL, NULL, 20);
INSERT INTO Measurements (id, run_id, analyzestep_id, run_sequence, time, rawvalue_hx711_motor1, rawvalue_hx711_motor2, rawvalue_hx711_motor3, rawvalue_hx711_motor4, unitvalue_hx711_motor1, unitvalue_hx711_motor2, unitvalue_hx711_motor3, unitvalue_hx711_motor4, current_thrust_motor1, current_thrust_motor2, current_thrust_motor3, current_thrust_motor4, throttle_percentage) VALUES (152, 2, 2, 2, '2019-12-19 20:48:04', 7255, 7554, 7254, 6922, 339, 292, 290, 244, NULL, NULL, NULL, NULL, 24);
INSERT INTO Measurements (id, run_id, analyzestep_id, run_sequence, time, rawvalue_hx711_motor1, rawvalue_hx711_motor2, rawvalue_hx711_motor3, rawvalue_hx711_motor4, unitvalue_hx711_motor1, unitvalue_hx711_motor2, unitvalue_hx711_motor3, unitvalue_hx711_motor4, current_thrust_motor1, current_thrust_motor2, current_thrust_motor3, current_thrust_motor4, throttle_percentage) VALUES (153, 2, 2, 2, '2019-12-19 20:48:04', 7354, 7663, 7353, 7016, 346, 298, 296, 249, NULL, NULL, NULL, NULL, 24);
INSERT INTO Measurements (id, run_id, analyzestep_id, run_sequence, time, rawvalue_hx711_motor1, rawvalue_hx711_motor2, rawvalue_hx711_motor3, rawvalue_hx711_motor4, unitvalue_hx711_motor1, unitvalue_hx711_motor2, unitvalue_hx711_motor3, unitvalue_hx711_motor4, current_thrust_motor1, current_thrust_motor2, current_thrust_motor3, current_thrust_motor4, throttle_percentage) VALUES (154, 1, 2, 2, '2019-12-19 20:48:04', 7453, 7772, 7452, 7110, 353, 304, 302, 254, NULL, NULL, NULL, NULL, 24);
INSERT INTO Measurements (id, run_id, analyzestep_id, run_sequence, time, rawvalue_hx711_motor1, rawvalue_hx711_motor2, rawvalue_hx711_motor3, rawvalue_hx711_motor4, unitvalue_hx711_motor1, unitvalue_hx711_motor2, unitvalue_hx711_motor3, unitvalue_hx711_motor4, current_thrust_motor1, current_thrust_motor2, current_thrust_motor3, current_thrust_motor4, throttle_percentage) VALUES (155, 1, 2, 3, '2019-12-19 20:48:17', 2602, 2431, 2601, 2504, 10, 10, 8, 9, NULL, NULL, NULL, NULL, 24);
INSERT INTO Measurements (id, run_id, analyzestep_id, run_sequence, time, rawvalue_hx711_motor1, rawvalue_hx711_motor2, rawvalue_hx711_motor3, rawvalue_hx711_motor4, unitvalue_hx711_motor1, unitvalue_hx711_motor2, unitvalue_hx711_motor3, unitvalue_hx711_motor4, current_thrust_motor1, current_thrust_motor2, current_thrust_motor3, current_thrust_motor4, throttle_percentage) VALUES (156, 1, 2, 3, '2019-12-19 20:48:17', 2701, 2540, 2700, 2598, 17, 16, 14, 14, NULL, NULL, NULL, NULL, 27);
INSERT INTO Measurements (id, run_id, analyzestep_id, run_sequence, time, rawvalue_hx711_motor1, rawvalue_hx711_motor2, rawvalue_hx711_motor3, rawvalue_hx711_motor4, unitvalue_hx711_motor1, unitvalue_hx711_motor2, unitvalue_hx711_motor3, unitvalue_hx711_motor4, current_thrust_motor1, current_thrust_motor2, current_thrust_motor3, current_thrust_motor4, throttle_percentage) VALUES (157, 1, 2, 3, '2019-12-19 20:48:17', 2800, 2649, 2799, 2692, 24, 22, 20, 19, NULL, NULL, NULL, NULL, 25);
INSERT INTO Measurements (id, run_id, analyzestep_id, run_sequence, time, rawvalue_hx711_motor1, rawvalue_hx711_motor2, rawvalue_hx711_motor3, rawvalue_hx711_motor4, unitvalue_hx711_motor1, unitvalue_hx711_motor2, unitvalue_hx711_motor3, unitvalue_hx711_motor4, current_thrust_motor1, current_thrust_motor2, current_thrust_motor3, current_thrust_motor4, throttle_percentage) VALUES (158, 1, 2, 3, '2019-12-19 20:48:17', 2899, 2758, 2898, 2786, 31, 28, 26, 24, NULL, NULL, NULL, NULL, 27);
INSERT INTO Measurements (id, run_id, analyzestep_id, run_sequence, time, rawvalue_hx711_motor1, rawvalue_hx711_motor2, rawvalue_hx711_motor3, rawvalue_hx711_motor4, unitvalue_hx711_motor1, unitvalue_hx711_motor2, unitvalue_hx711_motor3, unitvalue_hx711_motor4, current_thrust_motor1, current_thrust_motor2, current_thrust_motor3, current_thrust_motor4, throttle_percentage) VALUES (159, 2, 2, 3, '2019-12-19 20:48:17', 2998, 2867, 2997, 2880, 38, 34, 32, 29, NULL, NULL, NULL, NULL, 21);
INSERT INTO Measurements (id, run_id, analyzestep_id, run_sequence, time, rawvalue_hx711_motor1, rawvalue_hx711_motor2, rawvalue_hx711_motor3, rawvalue_hx711_motor4, unitvalue_hx711_motor1, unitvalue_hx711_motor2, unitvalue_hx711_motor3, unitvalue_hx711_motor4, current_thrust_motor1, current_thrust_motor2, current_thrust_motor3, current_thrust_motor4, throttle_percentage) VALUES (160, 2, 2, 3, '2019-12-19 20:48:17', 3097, 2976, 3096, 2974, 45, 40, 38, 34, NULL, NULL, NULL, NULL, 22);
INSERT INTO Measurements (id, run_id, analyzestep_id, run_sequence, time, rawvalue_hx711_motor1, rawvalue_hx711_motor2, rawvalue_hx711_motor3, rawvalue_hx711_motor4, unitvalue_hx711_motor1, unitvalue_hx711_motor2, unitvalue_hx711_motor3, unitvalue_hx711_motor4, current_thrust_motor1, current_thrust_motor2, current_thrust_motor3, current_thrust_motor4, throttle_percentage) VALUES (161, 1, 2, 3, '2019-12-19 20:48:17', 3196, 3085, 3195, 3068, 52, 46, 44, 39, NULL, NULL, NULL, NULL, 27);
INSERT INTO Measurements (id, run_id, analyzestep_id, run_sequence, time, rawvalue_hx711_motor1, rawvalue_hx711_motor2, rawvalue_hx711_motor3, rawvalue_hx711_motor4, unitvalue_hx711_motor1, unitvalue_hx711_motor2, unitvalue_hx711_motor3, unitvalue_hx711_motor4, current_thrust_motor1, current_thrust_motor2, current_thrust_motor3, current_thrust_motor4, throttle_percentage) VALUES (162, 1, 2, 3, '2019-12-19 20:48:17', 3295, 3194, 3294, 3162, 59, 52, 50, 44, NULL, NULL, NULL, NULL, 28);
INSERT INTO Measurements (id, run_id, analyzestep_id, run_sequence, time, rawvalue_hx711_motor1, rawvalue_hx711_motor2, rawvalue_hx711_motor3, rawvalue_hx711_motor4, unitvalue_hx711_motor1, unitvalue_hx711_motor2, unitvalue_hx711_motor3, unitvalue_hx711_motor4, current_thrust_motor1, current_thrust_motor2, current_thrust_motor3, current_thrust_motor4, throttle_percentage) VALUES (163, 1, 2, 3, '2019-12-19 20:48:17', 3394, 3303, 3393, 3256, 66, 58, 56, 49, NULL, NULL, NULL, NULL, 20);
INSERT INTO Measurements (id, run_id, analyzestep_id, run_sequence, time, rawvalue_hx711_motor1, rawvalue_hx711_motor2, rawvalue_hx711_motor3, rawvalue_hx711_motor4, unitvalue_hx711_motor1, unitvalue_hx711_motor2, unitvalue_hx711_motor3, unitvalue_hx711_motor4, current_thrust_motor1, current_thrust_motor2, current_thrust_motor3, current_thrust_motor4, throttle_percentage) VALUES (164, 2, 2, 3, '2019-12-19 20:48:17', 3493, 3412, 3492, 3350, 73, 64, 62, 54, NULL, NULL, NULL, NULL, 23);
INSERT INTO Measurements (id, run_id, analyzestep_id, run_sequence, time, rawvalue_hx711_motor1, rawvalue_hx711_motor2, rawvalue_hx711_motor3, rawvalue_hx711_motor4, unitvalue_hx711_motor1, unitvalue_hx711_motor2, unitvalue_hx711_motor3, unitvalue_hx711_motor4, current_thrust_motor1, current_thrust_motor2, current_thrust_motor3, current_thrust_motor4, throttle_percentage) VALUES (165, 2, 2, 3, '2019-12-19 20:48:17', 3592, 3521, 3591, 3444, 80, 70, 68, 59, NULL, NULL, NULL, NULL, 22);
INSERT INTO Measurements (id, run_id, analyzestep_id, run_sequence, time, rawvalue_hx711_motor1, rawvalue_hx711_motor2, rawvalue_hx711_motor3, rawvalue_hx711_motor4, unitvalue_hx711_motor1, unitvalue_hx711_motor2, unitvalue_hx711_motor3, unitvalue_hx711_motor4, current_thrust_motor1, current_thrust_motor2, current_thrust_motor3, current_thrust_motor4, throttle_percentage) VALUES (166, 2, 2, 3, '2019-12-19 20:48:17', 3691, 3630, 3690, 3538, 87, 76, 74, 64, NULL, NULL, NULL, NULL, 20);
INSERT INTO Measurements (id, run_id, analyzestep_id, run_sequence, time, rawvalue_hx711_motor1, rawvalue_hx711_motor2, rawvalue_hx711_motor3, rawvalue_hx711_motor4, unitvalue_hx711_motor1, unitvalue_hx711_motor2, unitvalue_hx711_motor3, unitvalue_hx711_motor4, current_thrust_motor1, current_thrust_motor2, current_thrust_motor3, current_thrust_motor4, throttle_percentage) VALUES (167, 1, 2, 3, '2019-12-19 20:48:17', 3790, 3739, 3789, 3632, 94, 82, 80, 69, NULL, NULL, NULL, NULL, 28);
INSERT INTO Measurements (id, run_id, analyzestep_id, run_sequence, time, rawvalue_hx711_motor1, rawvalue_hx711_motor2, rawvalue_hx711_motor3, rawvalue_hx711_motor4, unitvalue_hx711_motor1, unitvalue_hx711_motor2, unitvalue_hx711_motor3, unitvalue_hx711_motor4, current_thrust_motor1, current_thrust_motor2, current_thrust_motor3, current_thrust_motor4, throttle_percentage) VALUES (168, 2, 2, 3, '2019-12-19 20:48:17', 3889, 3848, 3888, 3726, 101, 88, 86, 74, NULL, NULL, NULL, NULL, 21);
INSERT INTO Measurements (id, run_id, analyzestep_id, run_sequence, time, rawvalue_hx711_motor1, rawvalue_hx711_motor2, rawvalue_hx711_motor3, rawvalue_hx711_motor4, unitvalue_hx711_motor1, unitvalue_hx711_motor2, unitvalue_hx711_motor3, unitvalue_hx711_motor4, current_thrust_motor1, current_thrust_motor2, current_thrust_motor3, current_thrust_motor4, throttle_percentage) VALUES (169, 1, 2, 3, '2019-12-19 20:48:17', 3988, 3957, 3987, 3820, 108, 94, 92, 79, NULL, NULL, NULL, NULL, 25);
INSERT INTO Measurements (id, run_id, analyzestep_id, run_sequence, time, rawvalue_hx711_motor1, rawvalue_hx711_motor2, rawvalue_hx711_motor3, rawvalue_hx711_motor4, unitvalue_hx711_motor1, unitvalue_hx711_motor2, unitvalue_hx711_motor3, unitvalue_hx711_motor4, current_thrust_motor1, current_thrust_motor2, current_thrust_motor3, current_thrust_motor4, throttle_percentage) VALUES (170, 2, 2, 3, '2019-12-19 20:48:17', 4087, 4066, 4086, 3914, 115, 100, 98, 84, NULL, NULL, NULL, NULL, 22);
INSERT INTO Measurements (id, run_id, analyzestep_id, run_sequence, time, rawvalue_hx711_motor1, rawvalue_hx711_motor2, rawvalue_hx711_motor3, rawvalue_hx711_motor4, unitvalue_hx711_motor1, unitvalue_hx711_motor2, unitvalue_hx711_motor3, unitvalue_hx711_motor4, current_thrust_motor1, current_thrust_motor2, current_thrust_motor3, current_thrust_motor4, throttle_percentage) VALUES (171, 1, 2, 3, '2019-12-19 20:48:17', 4186, 4175, 4185, 4008, 122, 106, 104, 89, NULL, NULL, NULL, NULL, 24);
INSERT INTO Measurements (id, run_id, analyzestep_id, run_sequence, time, rawvalue_hx711_motor1, rawvalue_hx711_motor2, rawvalue_hx711_motor3, rawvalue_hx711_motor4, unitvalue_hx711_motor1, unitvalue_hx711_motor2, unitvalue_hx711_motor3, unitvalue_hx711_motor4, current_thrust_motor1, current_thrust_motor2, current_thrust_motor3, current_thrust_motor4, throttle_percentage) VALUES (172, 2, 2, 3, '2019-12-19 20:48:17', 4285, 4284, 4284, 4102, 129, 112, 110, 94, NULL, NULL, NULL, NULL, 27);
INSERT INTO Measurements (id, run_id, analyzestep_id, run_sequence, time, rawvalue_hx711_motor1, rawvalue_hx711_motor2, rawvalue_hx711_motor3, rawvalue_hx711_motor4, unitvalue_hx711_motor1, unitvalue_hx711_motor2, unitvalue_hx711_motor3, unitvalue_hx711_motor4, current_thrust_motor1, current_thrust_motor2, current_thrust_motor3, current_thrust_motor4, throttle_percentage) VALUES (173, 1, 2, 3, '2019-12-19 20:48:17', 4384, 4393, 4383, 4196, 136, 118, 116, 99, NULL, NULL, NULL, NULL, 24);
INSERT INTO Measurements (id, run_id, analyzestep_id, run_sequence, time, rawvalue_hx711_motor1, rawvalue_hx711_motor2, rawvalue_hx711_motor3, rawvalue_hx711_motor4, unitvalue_hx711_motor1, unitvalue_hx711_motor2, unitvalue_hx711_motor3, unitvalue_hx711_motor4, current_thrust_motor1, current_thrust_motor2, current_thrust_motor3, current_thrust_motor4, throttle_percentage) VALUES (174, 1, 2, 3, '2019-12-19 20:48:17', 4483, 4502, 4482, 4290, 143, 124, 122, 104, NULL, NULL, NULL, NULL, 27);
INSERT INTO Measurements (id, run_id, analyzestep_id, run_sequence, time, rawvalue_hx711_motor1, rawvalue_hx711_motor2, rawvalue_hx711_motor3, rawvalue_hx711_motor4, unitvalue_hx711_motor1, unitvalue_hx711_motor2, unitvalue_hx711_motor3, unitvalue_hx711_motor4, current_thrust_motor1, current_thrust_motor2, current_thrust_motor3, current_thrust_motor4, throttle_percentage) VALUES (175, 2, 2, 3, '2019-12-19 20:48:17', 4582, 4611, 4581, 4384, 150, 130, 128, 109, NULL, NULL, NULL, NULL, 28);
INSERT INTO Measurements (id, run_id, analyzestep_id, run_sequence, time, rawvalue_hx711_motor1, rawvalue_hx711_motor2, rawvalue_hx711_motor3, rawvalue_hx711_motor4, unitvalue_hx711_motor1, unitvalue_hx711_motor2, unitvalue_hx711_motor3, unitvalue_hx711_motor4, current_thrust_motor1, current_thrust_motor2, current_thrust_motor3, current_thrust_motor4, throttle_percentage) VALUES (176, 1, 2, 3, '2019-12-19 20:48:17', 4681, 4720, 4680, 4478, 157, 136, 134, 114, NULL, NULL, NULL, NULL, 23);
INSERT INTO Measurements (id, run_id, analyzestep_id, run_sequence, time, rawvalue_hx711_motor1, rawvalue_hx711_motor2, rawvalue_hx711_motor3, rawvalue_hx711_motor4, unitvalue_hx711_motor1, unitvalue_hx711_motor2, unitvalue_hx711_motor3, unitvalue_hx711_motor4, current_thrust_motor1, current_thrust_motor2, current_thrust_motor3, current_thrust_motor4, throttle_percentage) VALUES (177, 2, 2, 3, '2019-12-19 20:48:17', 4780, 4829, 4779, 4572, 164, 142, 140, 119, NULL, NULL, NULL, NULL, 22);
INSERT INTO Measurements (id, run_id, analyzestep_id, run_sequence, time, rawvalue_hx711_motor1, rawvalue_hx711_motor2, rawvalue_hx711_motor3, rawvalue_hx711_motor4, unitvalue_hx711_motor1, unitvalue_hx711_motor2, unitvalue_hx711_motor3, unitvalue_hx711_motor4, current_thrust_motor1, current_thrust_motor2, current_thrust_motor3, current_thrust_motor4, throttle_percentage) VALUES (178, 1, 2, 3, '2019-12-19 20:48:17', 4879, 4938, 4878, 4666, 171, 148, 146, 124, NULL, NULL, NULL, NULL, 25);
INSERT INTO Measurements (id, run_id, analyzestep_id, run_sequence, time, rawvalue_hx711_motor1, rawvalue_hx711_motor2, rawvalue_hx711_motor3, rawvalue_hx711_motor4, unitvalue_hx711_motor1, unitvalue_hx711_motor2, unitvalue_hx711_motor3, unitvalue_hx711_motor4, current_thrust_motor1, current_thrust_motor2, current_thrust_motor3, current_thrust_motor4, throttle_percentage) VALUES (179, 2, 2, 3, '2019-12-19 20:48:17', 4978, 5047, 4977, 4760, 178, 154, 152, 129, NULL, NULL, NULL, NULL, 27);
INSERT INTO Measurements (id, run_id, analyzestep_id, run_sequence, time, rawvalue_hx711_motor1, rawvalue_hx711_motor2, rawvalue_hx711_motor3, rawvalue_hx711_motor4, unitvalue_hx711_motor1, unitvalue_hx711_motor2, unitvalue_hx711_motor3, unitvalue_hx711_motor4, current_thrust_motor1, current_thrust_motor2, current_thrust_motor3, current_thrust_motor4, throttle_percentage) VALUES (180, 1, 2, 3, '2019-12-19 20:48:17', 5077, 5156, 5076, 4854, 185, 160, 158, 134, NULL, NULL, NULL, NULL, 27);
INSERT INTO Measurements (id, run_id, analyzestep_id, run_sequence, time, rawvalue_hx711_motor1, rawvalue_hx711_motor2, rawvalue_hx711_motor3, rawvalue_hx711_motor4, unitvalue_hx711_motor1, unitvalue_hx711_motor2, unitvalue_hx711_motor3, unitvalue_hx711_motor4, current_thrust_motor1, current_thrust_motor2, current_thrust_motor3, current_thrust_motor4, throttle_percentage) VALUES (181, 2, 2, 3, '2019-12-19 20:48:17', 5176, 5265, 5175, 4948, 192, 166, 164, 139, NULL, NULL, NULL, NULL, 24);
INSERT INTO Measurements (id, run_id, analyzestep_id, run_sequence, time, rawvalue_hx711_motor1, rawvalue_hx711_motor2, rawvalue_hx711_motor3, rawvalue_hx711_motor4, unitvalue_hx711_motor1, unitvalue_hx711_motor2, unitvalue_hx711_motor3, unitvalue_hx711_motor4, current_thrust_motor1, current_thrust_motor2, current_thrust_motor3, current_thrust_motor4, throttle_percentage) VALUES (182, 1, 2, 3, '2019-12-19 20:48:17', 5275, 5374, 5274, 5042, 199, 172, 170, 144, NULL, NULL, NULL, NULL, 27);
INSERT INTO Measurements (id, run_id, analyzestep_id, run_sequence, time, rawvalue_hx711_motor1, rawvalue_hx711_motor2, rawvalue_hx711_motor3, rawvalue_hx711_motor4, unitvalue_hx711_motor1, unitvalue_hx711_motor2, unitvalue_hx711_motor3, unitvalue_hx711_motor4, current_thrust_motor1, current_thrust_motor2, current_thrust_motor3, current_thrust_motor4, throttle_percentage) VALUES (183, 1, 2, 3, '2019-12-19 20:48:17', 5374, 5483, 5373, 5136, 206, 178, 176, 149, NULL, NULL, NULL, NULL, 20);
INSERT INTO Measurements (id, run_id, analyzestep_id, run_sequence, time, rawvalue_hx711_motor1, rawvalue_hx711_motor2, rawvalue_hx711_motor3, rawvalue_hx711_motor4, unitvalue_hx711_motor1, unitvalue_hx711_motor2, unitvalue_hx711_motor3, unitvalue_hx711_motor4, current_thrust_motor1, current_thrust_motor2, current_thrust_motor3, current_thrust_motor4, throttle_percentage) VALUES (184, 1, 2, 3, '2019-12-19 20:48:17', 5473, 5592, 5472, 5230, 213, 184, 182, 154, NULL, NULL, NULL, NULL, 23);
INSERT INTO Measurements (id, run_id, analyzestep_id, run_sequence, time, rawvalue_hx711_motor1, rawvalue_hx711_motor2, rawvalue_hx711_motor3, rawvalue_hx711_motor4, unitvalue_hx711_motor1, unitvalue_hx711_motor2, unitvalue_hx711_motor3, unitvalue_hx711_motor4, current_thrust_motor1, current_thrust_motor2, current_thrust_motor3, current_thrust_motor4, throttle_percentage) VALUES (185, 1, 2, 3, '2019-12-19 20:48:17', 5572, 5701, 5571, 5324, 220, 190, 188, 159, NULL, NULL, NULL, NULL, 27);
INSERT INTO Measurements (id, run_id, analyzestep_id, run_sequence, time, rawvalue_hx711_motor1, rawvalue_hx711_motor2, rawvalue_hx711_motor3, rawvalue_hx711_motor4, unitvalue_hx711_motor1, unitvalue_hx711_motor2, unitvalue_hx711_motor3, unitvalue_hx711_motor4, current_thrust_motor1, current_thrust_motor2, current_thrust_motor3, current_thrust_motor4, throttle_percentage) VALUES (186, 2, 2, 3, '2019-12-19 20:48:17', 5671, 5810, 5670, 5418, 227, 196, 194, 164, NULL, NULL, NULL, NULL, 28);
INSERT INTO Measurements (id, run_id, analyzestep_id, run_sequence, time, rawvalue_hx711_motor1, rawvalue_hx711_motor2, rawvalue_hx711_motor3, rawvalue_hx711_motor4, unitvalue_hx711_motor1, unitvalue_hx711_motor2, unitvalue_hx711_motor3, unitvalue_hx711_motor4, current_thrust_motor1, current_thrust_motor2, current_thrust_motor3, current_thrust_motor4, throttle_percentage) VALUES (187, 2, 2, 3, '2019-12-19 20:48:17', 5770, 5919, 5769, 5512, 234, 202, 200, 169, NULL, NULL, NULL, NULL, 22);
INSERT INTO Measurements (id, run_id, analyzestep_id, run_sequence, time, rawvalue_hx711_motor1, rawvalue_hx711_motor2, rawvalue_hx711_motor3, rawvalue_hx711_motor4, unitvalue_hx711_motor1, unitvalue_hx711_motor2, unitvalue_hx711_motor3, unitvalue_hx711_motor4, current_thrust_motor1, current_thrust_motor2, current_thrust_motor3, current_thrust_motor4, throttle_percentage) VALUES (188, 1, 2, 3, '2019-12-19 20:48:17', 5869, 6028, 5868, 5606, 241, 208, 206, 174, NULL, NULL, NULL, NULL, 25);
INSERT INTO Measurements (id, run_id, analyzestep_id, run_sequence, time, rawvalue_hx711_motor1, rawvalue_hx711_motor2, rawvalue_hx711_motor3, rawvalue_hx711_motor4, unitvalue_hx711_motor1, unitvalue_hx711_motor2, unitvalue_hx711_motor3, unitvalue_hx711_motor4, current_thrust_motor1, current_thrust_motor2, current_thrust_motor3, current_thrust_motor4, throttle_percentage) VALUES (189, 1, 2, 3, '2019-12-19 20:48:17', 5968, 6137, 5967, 5700, 248, 214, 212, 179, NULL, NULL, NULL, NULL, 21);
INSERT INTO Measurements (id, run_id, analyzestep_id, run_sequence, time, rawvalue_hx711_motor1, rawvalue_hx711_motor2, rawvalue_hx711_motor3, rawvalue_hx711_motor4, unitvalue_hx711_motor1, unitvalue_hx711_motor2, unitvalue_hx711_motor3, unitvalue_hx711_motor4, current_thrust_motor1, current_thrust_motor2, current_thrust_motor3, current_thrust_motor4, throttle_percentage) VALUES (190, 2, 2, 3, '2019-12-19 20:48:17', 6067, 6246, 6066, 5794, 255, 220, 218, 184, NULL, NULL, NULL, NULL, 25);
INSERT INTO Measurements (id, run_id, analyzestep_id, run_sequence, time, rawvalue_hx711_motor1, rawvalue_hx711_motor2, rawvalue_hx711_motor3, rawvalue_hx711_motor4, unitvalue_hx711_motor1, unitvalue_hx711_motor2, unitvalue_hx711_motor3, unitvalue_hx711_motor4, current_thrust_motor1, current_thrust_motor2, current_thrust_motor3, current_thrust_motor4, throttle_percentage) VALUES (191, 2, 2, 3, '2019-12-19 20:48:17', 6166, 6355, 6165, 5888, 262, 226, 224, 189, NULL, NULL, NULL, NULL, 20);
INSERT INTO Measurements (id, run_id, analyzestep_id, run_sequence, time, rawvalue_hx711_motor1, rawvalue_hx711_motor2, rawvalue_hx711_motor3, rawvalue_hx711_motor4, unitvalue_hx711_motor1, unitvalue_hx711_motor2, unitvalue_hx711_motor3, unitvalue_hx711_motor4, current_thrust_motor1, current_thrust_motor2, current_thrust_motor3, current_thrust_motor4, throttle_percentage) VALUES (192, 1, 2, 3, '2019-12-19 20:48:17', 6265, 6464, 6264, 5982, 269, 232, 230, 194, NULL, NULL, NULL, NULL, 21);
INSERT INTO Measurements (id, run_id, analyzestep_id, run_sequence, time, rawvalue_hx711_motor1, rawvalue_hx711_motor2, rawvalue_hx711_motor3, rawvalue_hx711_motor4, unitvalue_hx711_motor1, unitvalue_hx711_motor2, unitvalue_hx711_motor3, unitvalue_hx711_motor4, current_thrust_motor1, current_thrust_motor2, current_thrust_motor3, current_thrust_motor4, throttle_percentage) VALUES (193, 2, 2, 3, '2019-12-19 20:48:17', 6364, 6573, 6363, 6076, 276, 238, 236, 199, NULL, NULL, NULL, NULL, 22);
INSERT INTO Measurements (id, run_id, analyzestep_id, run_sequence, time, rawvalue_hx711_motor1, rawvalue_hx711_motor2, rawvalue_hx711_motor3, rawvalue_hx711_motor4, unitvalue_hx711_motor1, unitvalue_hx711_motor2, unitvalue_hx711_motor3, unitvalue_hx711_motor4, current_thrust_motor1, current_thrust_motor2, current_thrust_motor3, current_thrust_motor4, throttle_percentage) VALUES (194, 1, 2, 3, '2019-12-19 20:48:17', 6463, 6682, 6462, 6170, 283, 244, 242, 204, NULL, NULL, NULL, NULL, 21);
INSERT INTO Measurements (id, run_id, analyzestep_id, run_sequence, time, rawvalue_hx711_motor1, rawvalue_hx711_motor2, rawvalue_hx711_motor3, rawvalue_hx711_motor4, unitvalue_hx711_motor1, unitvalue_hx711_motor2, unitvalue_hx711_motor3, unitvalue_hx711_motor4, current_thrust_motor1, current_thrust_motor2, current_thrust_motor3, current_thrust_motor4, throttle_percentage) VALUES (195, 1, 2, 3, '2019-12-19 20:48:17', 6562, 6791, 6561, 6264, 290, 250, 248, 209, NULL, NULL, NULL, NULL, 24);
INSERT INTO Measurements (id, run_id, analyzestep_id, run_sequence, time, rawvalue_hx711_motor1, rawvalue_hx711_motor2, rawvalue_hx711_motor3, rawvalue_hx711_motor4, unitvalue_hx711_motor1, unitvalue_hx711_motor2, unitvalue_hx711_motor3, unitvalue_hx711_motor4, current_thrust_motor1, current_thrust_motor2, current_thrust_motor3, current_thrust_motor4, throttle_percentage) VALUES (196, 1, 2, 3, '2019-12-19 20:48:17', 6661, 6900, 6660, 6358, 297, 256, 254, 214, NULL, NULL, NULL, NULL, 21);
INSERT INTO Measurements (id, run_id, analyzestep_id, run_sequence, time, rawvalue_hx711_motor1, rawvalue_hx711_motor2, rawvalue_hx711_motor3, rawvalue_hx711_motor4, unitvalue_hx711_motor1, unitvalue_hx711_motor2, unitvalue_hx711_motor3, unitvalue_hx711_motor4, current_thrust_motor1, current_thrust_motor2, current_thrust_motor3, current_thrust_motor4, throttle_percentage) VALUES (197, 1, 2, 3, '2019-12-19 20:48:17', 6760, 7009, 6759, 6452, 304, 262, 260, 219, NULL, NULL, NULL, NULL, 21);
INSERT INTO Measurements (id, run_id, analyzestep_id, run_sequence, time, rawvalue_hx711_motor1, rawvalue_hx711_motor2, rawvalue_hx711_motor3, rawvalue_hx711_motor4, unitvalue_hx711_motor1, unitvalue_hx711_motor2, unitvalue_hx711_motor3, unitvalue_hx711_motor4, current_thrust_motor1, current_thrust_motor2, current_thrust_motor3, current_thrust_motor4, throttle_percentage) VALUES (198, 1, 2, 3, '2019-12-19 20:48:17', 6859, 7118, 6858, 6546, 311, 268, 266, 224, NULL, NULL, NULL, NULL, 24);
INSERT INTO Measurements (id, run_id, analyzestep_id, run_sequence, time, rawvalue_hx711_motor1, rawvalue_hx711_motor2, rawvalue_hx711_motor3, rawvalue_hx711_motor4, unitvalue_hx711_motor1, unitvalue_hx711_motor2, unitvalue_hx711_motor3, unitvalue_hx711_motor4, current_thrust_motor1, current_thrust_motor2, current_thrust_motor3, current_thrust_motor4, throttle_percentage) VALUES (199, 2, 2, 3, '2019-12-19 20:48:17', 6958, 7227, 6957, 6640, 318, 274, 272, 229, NULL, NULL, NULL, NULL, 21);
INSERT INTO Measurements (id, run_id, analyzestep_id, run_sequence, time, rawvalue_hx711_motor1, rawvalue_hx711_motor2, rawvalue_hx711_motor3, rawvalue_hx711_motor4, unitvalue_hx711_motor1, unitvalue_hx711_motor2, unitvalue_hx711_motor3, unitvalue_hx711_motor4, current_thrust_motor1, current_thrust_motor2, current_thrust_motor3, current_thrust_motor4, throttle_percentage) VALUES (200, 1, 2, 3, '2019-12-19 20:48:17', 7057, 7336, 7056, 6734, 325, 280, 278, 234, NULL, NULL, NULL, NULL, 21);
INSERT INTO Measurements (id, run_id, analyzestep_id, run_sequence, time, rawvalue_hx711_motor1, rawvalue_hx711_motor2, rawvalue_hx711_motor3, rawvalue_hx711_motor4, unitvalue_hx711_motor1, unitvalue_hx711_motor2, unitvalue_hx711_motor3, unitvalue_hx711_motor4, current_thrust_motor1, current_thrust_motor2, current_thrust_motor3, current_thrust_motor4, throttle_percentage) VALUES (201, 2, 2, 3, '2019-12-19 20:48:17', 7156, 7445, 7155, 6828, 332, 286, 284, 239, NULL, NULL, NULL, NULL, 26);
INSERT INTO Measurements (id, run_id, analyzestep_id, run_sequence, time, rawvalue_hx711_motor1, rawvalue_hx711_motor2, rawvalue_hx711_motor3, rawvalue_hx711_motor4, unitvalue_hx711_motor1, unitvalue_hx711_motor2, unitvalue_hx711_motor3, unitvalue_hx711_motor4, current_thrust_motor1, current_thrust_motor2, current_thrust_motor3, current_thrust_motor4, throttle_percentage) VALUES (202, 1, 2, 3, '2019-12-19 20:48:17', 7255, 7554, 7254, 6922, 339, 292, 290, 244, NULL, NULL, NULL, NULL, 22);
INSERT INTO Measurements (id, run_id, analyzestep_id, run_sequence, time, rawvalue_hx711_motor1, rawvalue_hx711_motor2, rawvalue_hx711_motor3, rawvalue_hx711_motor4, unitvalue_hx711_motor1, unitvalue_hx711_motor2, unitvalue_hx711_motor3, unitvalue_hx711_motor4, current_thrust_motor1, current_thrust_motor2, current_thrust_motor3, current_thrust_motor4, throttle_percentage) VALUES (203, 2, 2, 3, '2019-12-19 20:48:17', 7354, 7663, 7353, 7016, 346, 298, 296, 249, NULL, NULL, NULL, NULL, 20);
INSERT INTO Measurements (id, run_id, analyzestep_id, run_sequence, time, rawvalue_hx711_motor1, rawvalue_hx711_motor2, rawvalue_hx711_motor3, rawvalue_hx711_motor4, unitvalue_hx711_motor1, unitvalue_hx711_motor2, unitvalue_hx711_motor3, unitvalue_hx711_motor4, current_thrust_motor1, current_thrust_motor2, current_thrust_motor3, current_thrust_motor4, throttle_percentage) VALUES (204, 2, 2, 3, '2019-12-19 20:48:17', 7453, 7772, 7452, 7110, 353, 304, 302, 254, NULL, NULL, NULL, NULL, 20);

-- Table: Run
CREATE TABLE Run (id INTEGER PRIMARY KEY AUTOINCREMENT, runsetup_id INTEGER REFERENCES RunSetup (id), run_time DATETIME DEFAULT (CURRENT_TIMESTAMP), info TEXT);
INSERT INTO Run (id, runsetup_id, run_time, info) VALUES (1, 1, '2019-12-19 19:40:10', 'Test V01');
INSERT INTO Run (id, runsetup_id, run_time, info) VALUES (2, 2, '2019-12-19 19:45:10', 'Test V02');

-- Table: RunSetup
CREATE TABLE RunSetup (id INTEGER PRIMARY KEY AUTOINCREMENT, motor_id INTEGER REFERENCES configMotors (id), prop_id INTEGER REFERENCES configProps (id), name TEXT NOT NULL DEFAULT "Motor Thrust Test", copter TEXT, info TEXT);
INSERT INTO RunSetup (id, motor_id, prop_id, name, copter, info) VALUES (1, 1, 1, '5" Test V01', 'AlphaRC', '5"');
INSERT INTO RunSetup (id, motor_id, prop_id, name, copter, info) VALUES (2, 1, 2, '5" Test V02', 'AlphaRC 5"', NULL);
INSERT INTO RunSetup (id, motor_id, prop_id, name, copter, info) VALUES (3, 1, 3, '5" Test V0x', 'AlphaRC 5"', NULL);
INSERT INTO RunSetup (id, motor_id, prop_id, name, copter, info) VALUES (4, 1, 4, '5" Test V0x', 'AlphaRC 5"', NULL);
INSERT INTO RunSetup (id, motor_id, prop_id, name, copter, info) VALUES (5, 1, 5, '5" Test V0x', 'AlphaRC 5"', NULL);
INSERT INTO RunSetup (id, motor_id, prop_id, name, copter, info) VALUES (6, 1, 6, '5" Test V0x', 'AlphaRC 5"', NULL);
INSERT INTO RunSetup (id, motor_id, prop_id, name, copter, info) VALUES (7, 1, 13, '5" Test V0x', 'AlphaRC 5"', NULL);
INSERT INTO RunSetup (id, motor_id, prop_id, name, copter, info) VALUES (8, 1, 14, '5" Test V0x', 'AlphaRC 5"', NULL);
INSERT INTO RunSetup (id, motor_id, prop_id, name, copter, info) VALUES (9, 1, 15, '5" Test V0x', 'AlphaRC 5"', NULL);
INSERT INTO RunSetup (id, motor_id, prop_id, name, copter, info) VALUES (10, 1, 16, '5" Test V0x', 'AlphaRC 5"', NULL);

-- Index: Measurements_idx_id
CREATE INDEX Measurements_idx_id ON Measurements (id);

-- Index: Measurements_idx_runsetup_id
CREATE INDEX Measurements_idx_runsetup_id ON Measurements (run_id);

-- Index: Run_idx_id
CREATE INDEX Run_idx_id ON Run (id);

-- View: CopterRuns
CREATE VIEW CopterRuns AS select 
    rs.copter as Copter, 
    rs.name as RunSetup, 
    r.run_time as RunTimeStamp, 
    cm.manufacturer as MotorManufacturer, 
    cm.name as MotorName, 
    cm.kv as KV, 
    cp.name as PropName, 
    cp.size as PropSize, 
    cl.type as LipoType, 
    cl.milliamp as LipoAmp
    from RunSetup rs, 
        Run r, 
        configMotors cm, 
        configProps cp,
        configLipos cl
    where 1=1 and 
        (rs.id = r.runsetup_id) and
        (rs.motor_id = cm.id) and
        (rs.prop_id = cp.id);

COMMIT TRANSACTION;
PRAGMA foreign_keys = on;
